rank,h3_index,score,acres,dist_km,type,land_val_acre,build_mo,lat,lon,tier,developable,developable_frac,exclusion_reasons,feature_completeness,boundary_dist_km,boundary_rings,edge_flagged,score_raw
1,8829b6d2d3fffff,1.0,210.6,13.2,unknown,57248,12,33.4861,-112.2088,Tier 1 — Top 10%,True,1.0,,1.0,13.109441874559637,14,False,0.7011
3,8848e96d09fffff,0.99867197875166,210.7,12.7,unknown,63406,12,33.424,-112.2074,Tier 1 — Top 10%,True,1.0,,1.0,13.248907146470172,14,False,0.6962
5,8848e96aa7fffff,0.99734395750332,210.9,13.6,unknown,52701,12,33.3459,-112.1539,Tier 1 — Top 10%,True,1.0,,1.0,16.24158799999972,17,False,0.689
6,8829b6d2dbfffff,0.9960159362549801,210.6,13.3,unknown,56359,12,33.4778,-112.2126,Tier 1 — Top 10%,True,1.0,,1.0,12.757860555175746,13,False,0.6876
8,8848ebba83fffff,0.9946879150066401,211.4,43.5,unknown,33507,12,33.2414,-111.6761,Tier 1 — Top 10%,True,1.0,,1.0,2.43002836927808,2,False,0.6865
10,8848ebba89fffff,0.9933598937583001,211.4,44.7,unknown,33469,12,33.2262,-111.6732,Tier 1 — Top 10%,True,1.0,,1.0,2.1604007151715443,2,False,0.6858
12,8848e968c3fffff,0.9920318725099602,210.9,12.2,unknown,69381,12,33.3679,-112.1637,Tier 1 — Top 10%,True,1.0,,1.0,17.320233022735763,18,False,0.6832
13,8829b6d281fffff,0.9907038512616202,210.6,10.6,unknown,95247,12,33.4907,-112.1769,Tier 1 — Top 10%,True,1.0,,1.0,16.07028228069208,17,False,0.6792
14,8829b6d2d9fffff,0.9893758300132802,210.7,12.5,unknown,65931,12,33.471,-112.2058,Tier 1 — Top 10%,True,1.0,,1.0,13.390304747176005,14,False,0.6789
15,8848ebbad5fffff,0.9880478087649402,211.4,44.0,unknown,33493,12,33.2247,-111.6838,Tier 1 — Top 10%,True,1.0,,1.0,2.749603999999524,2,False,0.6751
16,8848e96d05fffff,0.9860557768924303,210.7,11.2,unknown,85837,12,33.4338,-112.193,Tier 1 — Top 10%,True,1.0,,1.0,14.585158366934309,15,False,0.6743
17,8848e96d0dfffff,0.9860557768924303,210.7,11.7,unknown,77405,12,33.4255,-112.1968,Tier 1 — Top 10%,True,1.0,,1.0,14.233502832837532,15,False,0.6743
19,8829b6d2d7fffff,0.9833997343957503,210.6,12.3,unknown,68141,12,33.4876,-112.1982,Tier 1 — Top 10%,True,1.0,,1.0,14.093334354487853,15,False,0.6728
20,8848e96d41fffff,0.9833997343957503,210.8,12.9,unknown,60864,12,33.4088,-112.2044,Tier 1 — Top 10%,True,1.0,,1.0,13.53000393244304,14,False,0.6728
23,8829b6d289fffff,0.9814077025232404,210.7,10.6,unknown,96108,12,33.4823,-112.1807,Tier 1 — Top 10%,True,1.0,,1.0,15.719021823046273,17,False,0.6664
24,8848e96893fffff,0.9800796812749004,210.8,11.6,unknown,78351,12,33.4035,-112.187,Tier 1 — Top 10%,True,1.0,,1.0,15.147837859833098,16,False,0.6644
27,8829b6d0c5fffff,0.9787516600265604,210.6,10.7,unknown,94290,12,33.527,-112.1404,Tier 1 — Top 10%,True,1.0,,1.0,19.450713519506543,21,False,0.6607
28,8848ebba8bfffff,0.9774236387782205,211.4,43.7,unknown,33501,12,33.233,-111.6799,Tier 1 — Top 10%,True,1.0,,1.0,2.7840930674685977,3,False,0.6585
29,8848eba4b5fffff,0.9760956175298805,210.8,10.7,unknown,267211,12,33.4888,-111.9692,Tier 1 — Top 10%,True,1.0,,1.0,29.634584931192453,32,False,0.6552
30,8848e96811fffff,0.9747675962815405,210.9,12.3,unknown,67899,12,33.3489,-112.1327,Tier 1 — Top 10%,True,0.7938,protected,1.0,16.57554799999973,17,False,0.6548
34,8848e962e5fffff,0.9734395750332006,211.0,33.1,unknown,33861,12,33.236,-112.3229,Tier 1 — Top 10%,True,1.0,,1.0,2.5232887505592383,2,False,0.6544
35,8829b6cd49fffff,0.9721115537848606,210.2,40.3,unknown,33615,12,33.8084,-112.0209,Tier 1 — Top 10%,True,1.0,,1.0,4.630912000000281,5,False,0.6543
36,8848e9613dfffff,0.9707835325365206,211.0,21.7,unknown,34246,12,33.2845,-112.2018,Tier 1 — Top 10%,True,1.0,,1.0,9.40653999999983,10,False,0.6541
38,8848e979a5fffff,0.9694555112881806,211.1,22.9,unknown,34207,12,33.2434,-112.0521,Tier 1 — Top 10%,True,1.0,,1.0,4.831287999999813,5,False,0.654
39,8829b6cf29fffff,0.9667994687915007,210.2,37.7,unknown,33703,12,33.7849,-112.0217,Tier 1 — Top 10%,True,1.0,,1.0,7.246932000000116,7,False,0.6539
40,8848eb35edfffff,0.9667994687915007,210.5,44.9,unknown,33461,12,33.6985,-111.6932,Tier 1 — Top 10%,True,0.7088,protected,1.0,4.000957193741063,4,False,0.6539
41,8848e96059fffff,0.9667994687915007,211.0,32.2,unknown,33888,12,33.2375,-112.3123,Tier 1 — Top 10%,True,1.0,,1.0,3.5101975618560184,3,False,0.6539
42,8848ebb68bfffff,0.9634794156706508,211.2,23.7,unknown,34180,12,33.2395,-112.0242,Tier 1 — Top 10%,True,1.0,,1.0,4.397139999999639,4,False,0.6538
43,8829b6cf05fffff,0.9634794156706508,210.2,37.5,unknown,33712,12,33.7834,-112.0324,Tier 1 — Top 10%,True,1.0,,1.0,7.413912000000122,8,False,0.6538
44,8829b6c0b9fffff,0.9614873837981408,210.2,31.9,unknown,33901,12,33.7283,-112.1473,Tier 1 — Top 10%,True,1.0,,1.0,13.54764400000046,14,False,0.6537
46,8848ebb637fffff,0.9601593625498008,211.2,27.0,unknown,36488,12,33.225,-111.9615,Tier 1 — Top 10%,True,1.0,,1.0,2.782999999999842,3,False,0.6536
47,8848e96187fffff,0.9581673306772909,210.9,21.6,unknown,34250,12,33.324,-112.2531,Tier 1 — Top 10%,True,1.0,,1.0,9.013295612028548,9,False,0.6535
48,8829b6ced5fffff,0.9581673306772909,210.1,41.3,unknown,33582,12,33.8093,-112.1797,Tier 1 — Top 10%,True,1.0,,1.0,4.530724000000118,4,False,0.6535
49,8848e96223fffff,0.9561752988047809,211.0,32.7,unknown,33872,12,33.217,-112.2919,Tier 1 — Top 10%,True,1.0,,1.0,1.8924399999995443,2,False,0.6534
50,8848ebb689fffff,0.9548472775564409,211.2,24.6,unknown,34150,12,33.2327,-112.0174,Tier 1 — Top 10%,True,1.0,,1.0,3.6401639999998214,3,False,0.6533
51,8848ebb183fffff,0.953519256308101,211.3,38.6,unknown,55170,12,33.2311,-111.7503,Tier 1 — Top 10%,True,1.0,,1.0,3.4620519999994457,3,False,0.6532
53,8848e979b9fffff,0.952191235059761,211.1,22.6,unknown,34217,12,33.2457,-112.0907,Tier 1 — Top 10%,True,1.0,,1.0,5.0873239999996125,5,False,0.6531
55,8848ebba95fffff,0.950199203187251,211.3,42.6,unknown,33539,12,33.2482,-111.6829,Tier 1 — Top 10%,True,1.0,,1.0,3.062900917511921,3,False,0.653
56,8848ebb0b7fffff,0.950199203187251,211.3,33.1,unknown,120141,12,33.2457,-111.8131,Tier 1 — Top 10%,True,1.0,,1.0,5.0873239999996125,5,False,0.653
62,8848e96129fffff,0.9482071713147411,211.0,22.4,unknown,34224,12,33.2709,-112.1882,Tier 1 — Top 10%,True,1.0,,1.0,7.892587999999402,8,False,0.6527
63,8848e9605bfffff,0.9455511288180611,211.0,32.1,unknown,33892,12,33.2443,-112.3191,Tier 1 — Top 10%,True,1.0,,1.0,2.876834696840693,3,False,0.6525
64,8848e9605dfffff,0.9455511288180611,211.0,31.5,unknown,33915,12,33.239,-112.3017,Tier 1 — Top 10%,True,1.0,,1.0,4.341479999999374,4,False,0.6525
66,8848e962e7fffff,0.9455511288180611,211.0,33.0,unknown,33864,12,33.2428,-112.3297,Tier 1 — Top 10%,True,1.0,,1.0,1.8899917961256665,2,False,0.6525
68,8848ebace5fffff,0.9422310756972112,210.8,29.7,unknown,33976,12,33.5322,-111.7703,Tier 1 — Top 10%,True,0.5318,tribal,1.0,11.163073100270818,12,False,0.6521
69,8848e9612bfffff,0.9422310756972112,211.0,22.1,unknown,34236,12,33.2777,-112.195,Tier 1 — Top 10%,True,1.0,,1.0,8.64956400000001,9,False,0.6521
70,8829b6c5e1fffff,0.9402390438247012,210.1,40.9,unknown,33597,12,33.7964,-112.2155,Tier 1 — Top 10%,True,1.0,,1.0,5.966752000000331,6,False,0.652
73,8829b6d08bfffff,0.9389110225763613,210.6,13.6,unknown,79779,12,33.5474,-112.1608,Tier 1 — Top 10%,True,1.0,,1.0,17.553466702366546,19,False,0.6518
74,8848ebb427fffff,0.9375830013280213,211.2,24.9,unknown,114113,12,33.2711,-111.9105,Tier 1 — Top 10%,True,1.0,,1.0,7.9148519999993505,8,False,0.6515
75,8829b6ce95fffff,0.9362549800796812,210.0,43.8,unknown,33498,12,33.8327,-112.1789,Tier 1 — Top 10%,True,1.0,,1.0,1.925835999999862,2,False,0.6513
78,8848e961bbfffff,0.9335989375830013,210.9,21.7,unknown,34247,12,33.3376,-112.2667,Tier 1 — Top 10%,True,1.0,,1.0,7.747062238340461,8,False,0.6511
79,8848ebb5c9fffff,0.9335989375830013,211.2,23.9,unknown,110272,12,33.278,-111.9173,Tier 1 — Top 10%,True,1.0,,1.0,8.682959999999538,9,False,0.6511
80,8848e96135fffff,0.9335989375830013,211.0,20.8,unknown,34280,12,33.2929,-112.198,Tier 1 — Top 10%,True,1.0,,1.0,10.341628000000021,11,False,0.6511
81,8848ebbac3fffff,0.9309428950863213,211.4,44.9,unknown,33461,12,33.2178,-111.677,Tier 1 — Top 10%,True,1.0,,1.0,1.9814959999993367,2,False,0.651
83,8848e962edfffff,0.9289508632138114,211.0,34.0,unknown,33830,12,33.2276,-112.3267,Tier 1 — Top 10%,True,1.0,,1.0,2.1696780591839815,2,False,0.6509
84,8829b6d2d5fffff,0.9289508632138114,210.7,11.5,unknown,80733,12,33.4808,-112.1914,Tier 1 — Top 10%,True,1.0,,1.0,14.725812350510772,15,False,0.6509
85,8829b6d0c3fffff,0.9269588313413014,210.6,12.1,unknown,70507,12,33.5323,-112.1578,Tier 1 — Top 10%,True,1.0,,1.0,17.834914117145974,19,False,0.6508
88,8848eba151fffff,0.9243027888446215,211.2,35.9,unknown,87993,12,33.3296,-111.7148,Tier 1 — Top 10%,True,1.0,,1.0,6.027079676172123,6,False,0.6507
89,8848ebb631fffff,0.9243027888446215,211.2,27.7,unknown,34044,12,33.2166,-111.9653,Tier 1 — Top 10%,True,1.0,,1.0,1.847911999999648,2,False,0.6507
90,8848ebb68dfffff,0.9243027888446215,211.2,24.6,unknown,34148,12,33.2342,-112.0068,Tier 1 — Top 10%,True,1.0,,1.0,3.8071439999998278,4,False,0.6507
91,8848ebb73bfffff,0.9216467463479415,211.3,29.5,unknown,68586,12,33.2256,-111.9017,Tier 1 — Top 10%,True,1.0,,1.0,2.849791999999686,3,False,0.6505
92,8848e968ddfffff,0.9203187250996016,210.9,13.0,unknown,59037,12,33.3664,-112.1743,Tier 1 — Top 10%,True,1.0,,1.0,16.335037088756504,17,False,0.6504
95,8848e96163fffff,0.9189907038512616,211.0,23.4,unknown,34190,12,33.2625,-112.192,Tier 1 — Top 10%,True,1.0,,1.0,6.9575,7,False,0.6503
96,8848e96de5fffff,0.9176626826029216,210.7,13.4,unknown,54680,12,33.4695,-112.2164,Tier 1 — Top 10%,True,1.0,,1.0,12.406211363286687,13,False,0.6502
99,8848e96d4bfffff,0.9150066401062417,210.8,13.9,unknown,49993,12,33.4073,-112.2151,Tier 1 — Top 10%,True,1.0,,1.0,12.535913790139814,13,False,0.65
102,8848ebb5c1fffff,0.9150066401062417,211.1,23.4,unknown,123238,12,33.2863,-111.9135,Tier 1 — Top 10%,True,1.0,,1.0,9.606915999999362,10,False,0.65
103,8848e96165fffff,0.9150066401062417,211.0,23.2,unknown,34196,12,33.2572,-112.1746,Tier 1 — Top 10%,True,1.0,,1.0,6.367503999999397,6,False,0.65
105,8829b6c1a5fffff,0.9110225763612217,210.3,32.3,unknown,33888,12,33.7365,-112.0341,Tier 1 — Top 10%,True,1.0,,1.0,12.634820000000214,13,False,0.6496
107,8848e978a7fffff,0.9110225763612217,211.1,23.8,unknown,34174,12,33.2397,-112.1331,Tier 1 — Top 10%,True,1.0,,1.0,4.419403999999587,4,False,0.6496
108,8848ebb1a3fffff,0.9110225763612217,211.3,39.7,unknown,46502,12,33.2424,-111.7253,Tier 1 — Top 10%,True,1.0,,1.0,4.719968000000073,5,False,0.6496
109,8829b6c43dfffff,0.9070385126162018,210.1,39.3,unknown,33649,12,33.7669,-112.2589,Tier 1 — Top 10%,True,1.0,,1.0,8.43048064122922,9,False,0.6493
111,8848ebb6c7fffff,0.9070385126162018,211.2,25.4,unknown,34120,12,33.2258,-112.0106,Tier 1 — Top 10%,True,1.0,,1.0,2.8720559999996342,3,False,0.6493
113,8829b6cf21fffff,0.9070385126162018,210.2,38.7,unknown,33670,12,33.7933,-112.0179,Tier 1 — Top 10%,True,1.0,,1.0,6.3118439999999225,6,False,0.6493
114,8848eba6c9fffff,0.9043824701195219,210.9,10.1,unknown,106334,12,33.3737,-112.0122,Tier 1 — Top 10%,True,0.9472,protected,1.0,19.336283999999623,20,False,0.6492
115,8848ebb423fffff,0.9023904382470119,211.2,24.4,unknown,97621,12,33.2696,-111.9211,Tier 1 — Top 10%,True,1.0,,1.0,7.747871999999344,8,False,0.649
116,8829b6cf51fffff,0.9023904382470119,210.2,35.8,unknown,33767,12,33.7706,-112.0682,Tier 1 — Top 10%,True,1.0,,1.0,8.838807999999965,9,False,0.649
117,8829b6cf53fffff,0.899734395750332,210.2,36.6,unknown,33741,12,33.7774,-112.075,Tier 1 — Top 10%,True,1.0,,1.0,8.081832000000148,8,False,0.6488
119,8848ebb681fffff,0.899734395750332,211.2,23.7,unknown,34178,12,33.241,-112.0136,Tier 1 — Top 10%,True,1.0,,1.0,4.564119999999646,4,False,0.6488
121,8829b6db67fffff,0.897742363877822,210.8,22.5,unknown,123342,12,33.5287,-111.8515,Tier 2 — Top 25%,True,1.0,,1.0,18.698672346973094,20,False,0.6485
127,8848ebb717fffff,0.896414342629482,211.3,29.1,unknown,61157,12,33.2241,-111.9123,Tier 2 — Top 25%,True,1.0,,1.0,2.6828119999996796,2,False,0.6483
130,8829b6cad5fffff,0.8944223107569721,210.3,31.3,unknown,33922,12,33.7244,-112.0099,Tier 2 — Top 25%,True,1.0,,1.0,13.981791999999844,15,False,0.6478
133,8829b6c59dfffff,0.8944223107569721,210.0,44.0,unknown,33491,12,33.8138,-112.2572,Tier 2 — Top 25%,True,1.0,,1.0,4.0297840000001,4,False,0.6478
135,8848ebacedfffff,0.8924302788844621,210.8,29.0,unknown,33997,12,33.5239,-111.7741,Tier 2 — Top 25%,True,0.9149,tribal,1.0,11.51679425411976,12,False,0.6475
137,8829b6ce8dfffff,0.8897742363877822,210.1,41.2,unknown,33586,12,33.8123,-112.1584,Tier 2 — Top 25%,True,1.0,,1.0,4.196764000000106,4,False,0.6473
138,8848e961b9fffff,0.8897742363877822,210.9,21.7,unknown,34249,12,33.3308,-112.2599,Tier 2 — Top 25%,True,1.0,,1.0,8.380129619789807,9,False,0.6473
139,8848eba135fffff,0.8897742363877822,211.1,37.9,unknown,53083,12,33.3658,-111.6782,Tier 2 — Top 25%,True,1.0,,1.0,2.621805478617815,2,False,0.6473
140,8848ebba97fffff,0.8871181938911022,211.3,41.7,unknown,33570,12,33.2551,-111.6896,Tier 2 — Top 25%,True,1.0,,1.0,3.6863616864186373,3,False,0.6471
141,8848e96199fffff,0.8857901726427623,210.9,24.3,unknown,34160,12,33.3194,-112.2849,Tier 2 — Top 25%,True,1.0,,1.0,6.055691591797973,6,False,0.647
142,8848e97999fffff,0.8837981407702523,211.1,24.1,unknown,34165,12,33.2344,-112.1157,Tier 2 — Top 25%,True,1.0,,1.0,3.8294079999997757,4,False,0.6468
143,8829b6c095fffff,0.8837981407702523,210.2,31.9,unknown,33899,12,33.7268,-112.158,Tier 2 — Top 25%,True,1.0,,1.0,13.714624000000466,14,False,0.6468
144,8848e96859fffff,0.8811420982735724,211.0,15.7,unknown,34453,12,33.3171,-112.1374,Tier 2 — Top 25%,True,1.0,,1.0,13.035572000000071,14,False,0.6466
145,8848ebb715fffff,0.8811420982735724,211.3,30.1,unknown,58288,12,33.2172,-111.9055,Tier 2 — Top 25%,True,1.0,,1.0,1.9147039999994924,2,False,0.6466
146,8848ebb4dbfffff,0.8771580345285525,211.1,18.6,unknown,34354,12,33.2866,-112.0225,Tier 2 — Top 25%,True,1.0,,1.0,9.64031199999968,10,False,0.6462
147,8829b6c52bfffff,0.8771580345285525,210.2,37.1,unknown,33724,12,33.7707,-112.1776,Tier 2 — Top 25%,True,1.0,,1.0,8.827676000000388,9,False,0.6462
149,8829b6ced9fffff,0.8771580345285525,210.1,40.6,unknown,33606,12,33.7995,-112.1942,Tier 2 — Top 25%,True,1.0,,1.0,5.621659999999949,6,False,0.6462
151,8848e9798dfffff,0.8771580345285525,211.2,25.0,unknown,34135,12,33.2237,-112.081,Tier 2 — Top 25%,True,1.0,,1.0,2.6382839999997834,2,False,0.6462
153,8848ebb46dfffff,0.8725099601593626,211.2,28.5,unknown,71728,12,33.2324,-111.9085,Tier 2 — Top 25%,True,1.0,,1.0,3.6067679999995037,3,False,0.6458
154,8829b6c735fffff,0.8725099601593626,210.2,33.4,unknown,33849,12,33.7276,-112.2073,Tier 2 — Top 25%,True,1.0,,1.0,13.211646773952106,14,False,0.6458
155,8829b6c565fffff,0.8725099601593626,210.2,34.4,unknown,33814,12,33.7503,-112.1571,Tier 2 — Top 25%,True,1.0,,1.0,11.09860399999984,12,False,0.6458
157,8848e96167fffff,0.8691899070385126,211.0,22.8,unknown,34210,12,33.264,-112.1814,Tier 2 — Top 25%,True,1.0,,1.0,7.1244800000000055,7,False,0.6457
158,8848ebb1bdfffff,0.8691899070385126,211.3,39.0,unknown,52384,12,33.2409,-111.7359,Tier 2 — Top 25%,True,1.0,,1.0,4.552988000000067,4,False,0.6457
159,8848e96e29fffff,0.8665338645418327,210.8,21.5,unknown,39471,12,33.3664,-112.2833,Tier 2 — Top 25%,True,1.0,,1.0,6.201177995560984,6,False,0.6456
160,8848ebb1a5fffff,0.8665338645418327,211.3,41.3,unknown,35124,12,33.237,-111.7079,Tier 2 — Top 25%,True,1.0,,1.0,4.118839999999892,4,False,0.6456
162,8848eba349fffff,0.8645418326693227,211.3,39.4,unknown,47873,12,33.2507,-111.7214,Tier 2 — Top 25%,True,1.0,,1.0,5.643923999999897,6,False,0.6453
166,8848eba4b7fffff,0.8632138114209827,210.8,10.5,unknown,237552,12,33.4957,-111.976,Tier 2 — Top 25%,True,1.0,,1.0,30.263486473421363,32,False,0.645
167,8829b6cc5dfffff,0.8592297476759628,210.1,40.5,unknown,33609,12,33.8115,-112.109,Tier 2 — Top 25%,True,1.0,,1.0,4.285819999999899,4,False,0.6449
168,8848e96b57fffff,0.8592297476759628,211.1,18.1,unknown,34372,12,33.2859,-112.0822,Tier 2 — Top 25%,True,1.0,,1.0,9.562387999999466,10,False,0.6449
169,8829b6cf61fffff,0.8592297476759628,210.2,36.1,unknown,33758,12,33.7698,-112.0188,Tier 2 — Top 25%,True,1.0,,1.0,8.927864000000548,9,False,0.6449
172,8848ebb1b9fffff,0.8592297476759628,211.3,38.3,unknown,58594,12,33.2394,-111.7465,Tier 2 — Top 25%,True,1.0,,1.0,4.386008000000061,4,False,0.6449
173,8829b6ce8bfffff,0.8592297476759628,210.1,42.1,unknown,33555,12,33.8176,-112.1759,Tier 2 — Top 25%,True,1.0,,1.0,3.6067680000002946,3,False,0.6449
175,8829b6ced1fffff,0.8552456839309429,210.1,41.4,unknown,33580,12,33.8078,-112.1904,Tier 2 — Top 25%,True,1.0,,1.0,4.697704000000125,5,False,0.6446
177,8848e979d7fffff,0.852589641434263,211.1,24.8,unknown,34143,12,33.2275,-112.1089,Tier 2 — Top 25%,True,1.0,,1.0,3.0612999999995885,3,False,0.6443
178,8848ebb1b5fffff,0.852589641434263,211.3,38.7,unknown,54401,12,33.2492,-111.7321,Tier 2 — Top 25%,True,1.0,,1.0,5.476943999999891,5,False,0.6443
179,8829b6ce53fffff,0.852589641434263,210.2,36.1,unknown,33758,12,33.7669,-112.1495,Tier 2 — Top 25%,True,1.0,,1.0,9.250692000000193,10,False,0.6443
181,8829b6ce67fffff,0.8472775564409031,210.2,35.5,unknown,33777,12,33.7676,-112.0894,Tier 2 — Top 25%,True,1.0,,1.0,9.172767999999978,9,False,0.6439
182,8848e96233fffff,0.8472775564409031,211.0,33.2,unknown,33857,12,33.2292,-112.3161,Tier 2 — Top 25%,True,1.0,,1.0,3.1566841497522025,3,False,0.6439
183,8829b6cd4dfffff,0.8472775564409031,210.2,40.6,unknown,33605,12,33.8099,-112.0102,Tier 2 — Top 25%,True,1.0,,1.0,4.463932000000274,4,False,0.6439
185,8848e96b67fffff,0.8472775564409031,211.1,18.6,unknown,34356,12,33.2851,-112.0331,Tier 2 — Top 25%,True,1.0,,1.0,9.473331999999672,10,False,0.6439
186,8848e96137fffff,0.8472775564409031,211.0,20.5,unknown,34289,12,33.2997,-112.2048,Tier 2 — Top 25%,True,1.0,,1.0,11.09860399999984,12,False,0.6439
187,8848eba6cdfffff,0.8426294820717132,210.9,10.6,unknown,96953,12,33.3752,-112.0016,Tier 2 — Top 25%,True,1.0,,1.0,19.503263999999632,21,False,0.6438
188,8848e96897fffff,0.8426294820717132,210.8,10.7,unknown,94891,12,33.405,-112.1764,Tier 2 — Top 25%,True,1.0,,1.0,16.132633441561037,17,False,0.6438
189,8848eba303fffff,0.8393094289508632,211.2,37.0,unknown,63485,12,33.2894,-111.7234,Tier 2 — Top 25%,True,1.0,,1.0,6.830118155154172,7,False,0.6436
190,8848eba24bfffff,0.8393094289508632,211.3,33.7,unknown,114859,12,33.2472,-111.8025,Tier 2 — Top 25%,True,1.0,,1.0,5.254303999999618,5,False,0.6436
191,8848eba143fffff,0.8393094289508632,211.2,37.6,unknown,66035,12,33.3242,-111.6974,Tier 2 — Top 25%,True,1.0,,1.0,4.408970397341396,4,False,0.6436
192,8848e97897fffff,0.8353253652058433,211.1,25.2,unknown,34128,12,33.2405,-112.1822,Tier 2 — Top 25%,True,1.0,,1.0,4.5084599999993795,4,False,0.6434
194,8829b6ce83fffff,0.8353253652058433,210.1,42.9,unknown,33527,12,33.8259,-112.1721,Tier 2 — Top 25%,True,1.0,,1.0,2.6828120000004705,2,False,0.6434
196,8829b6cf25fffff,0.8353253652058433,210.2,39.0,unknown,33660,12,33.7947,-112.0072,Tier 2 — Top 25%,True,1.0,,1.0,6.155996000000286,6,False,0.6434
198,8848e96105fffff,0.8300132802124834,211.0,23.0,unknown,34202,12,33.2693,-112.1988,Tier 2 — Top 25%,True,1.0,,1.0,7.714475999999817,8,False,0.6429
199,8829b6cc43fffff,0.8300132802124834,210.1,40.6,unknown,33606,12,33.813,-112.0984,Tier 2 — Top 25%,True,1.0,,1.0,4.118839999999892,4,False,0.6429
200,8848e96027fffff,0.8300132802124834,211.0,25.4,unknown,34121,12,33.2769,-112.2547,Tier 2 — Top 25%,True,1.0,,1.0,8.560507999999427,9,False,0.6429
201,8848e96161fffff,0.8300132802124834,211.0,23.8,unknown,34176,12,33.2557,-112.1852,Tier 2 — Top 25%,True,1.0,,1.0,6.200523999999391,6,False,0.6429
202,8829b6cf55fffff,0.8300132802124834,210.2,36.0,unknown,33760,12,33.7721,-112.0575,Tier 2 — Top 25%,True,1.0,,1.0,8.671827999999959,9,False,0.6429
204,8848ebb1a9fffff,0.8253652058432935,211.4,40.9,unknown,37992,12,33.2272,-111.7224,Tier 2 — Top 25%,True,1.0,,1.0,3.0279040000000617,3,False,0.6425
205,8829b6cf09fffff,0.8253652058432935,210.2,36.3,unknown,33753,12,33.7736,-112.0469,Tier 2 — Top 25%,True,1.0,,1.0,8.504847999999953,9,False,0.6425
208,8829b6c485fffff,0.8207171314741036,210.0,44.4,unknown,33477,12,33.7994,-112.3036,Tier 2 — Top 25%,True,1.0,,1.0,4.292270957938998,4,False,0.642
209,8848ebb199fffff,0.8207171314741036,211.3,37.3,unknown,65729,12,33.2281,-111.7716,Tier 2 — Top 25%,True,1.0,,1.0,3.128091999999433,3,False,0.642
210,8848e961b3fffff,0.8207171314741036,210.8,20.9,unknown,34275,12,33.3459,-112.2629,Tier 2 — Top 25%,True,1.0,,1.0,8.099697637079778,8,False,0.642
211,8848ebacebfffff,0.8207171314741036,210.8,27.7,unknown,43951,12,33.5292,-111.7915,Tier 2 — Top 25%,True,1.0,,1.0,13.130753537216588,14,False,0.642
214,8848eba309fffff,0.8207171314741036,211.3,38.1,unknown,56190,12,33.2742,-111.7205,Tier 2 — Top 25%,True,1.0,,1.0,6.561405870041776,7,False,0.642
216,8848e96b53fffff,0.8154050464807437,211.1,18.3,unknown,34364,12,33.2844,-112.0928,Tier 2 — Top 25%,True,1.0,,1.0,9.39540799999946,10,False,0.6417
217,8848ebb0b3fffff,0.8154050464807437,211.3,32.5,unknown,122929,12,33.2443,-111.8237,Tier 2 — Top 25%,True,1.0,,1.0,4.931475999999976,5,False,0.6417
218,8829b6c5e9fffff,0.8154050464807437,210.1,40.1,unknown,33623,12,33.7881,-112.2193,Tier 2 — Top 25%,True,1.0,,1.0,6.8907080000001555,7,False,0.6417
219,8848eba409fffff,0.8127490039840638,210.9,13.5,unknown,272895,12,33.4077,-111.9371,Tier 2 — Top 25%,True,1.0,,1.0,23.121163999999503,25,False,0.6415
221,8829b6d8b7fffff,0.8100929614873837,210.5,25.4,unknown,34120,12,33.66,-111.9699,Tier 2 — Top 25%,True,1.0,,1.0,21.150800000000537,22,False,0.6414
222,8848ebb1a7fffff,0.8100929614873837,211.3,40.4,unknown,41035,12,33.2438,-111.7147,Tier 2 — Top 25%,True,1.0,,1.0,4.87581599999971,5,False,0.6414
224,8848ebb181fffff,0.8100929614873837,211.3,39.5,unknown,46825,12,33.2242,-111.7436,Tier 2 — Top 25%,True,1.0,,1.0,2.6939440000000494,2,False,0.6414
225,8848ebb699fffff,0.8047808764940239,211.1,22.8,unknown,34209,12,33.2449,-112.0416,Tier 2 — Top 25%,True,1.0,,1.0,4.99826799999982,5,False,0.6409
226,8848ebba99fffff,0.8047808764940239,211.3,42.1,unknown,33557,12,33.2384,-111.6973,Tier 2 — Top 25%,True,1.0,,1.0,4.274687999999529,4,False,0.6409
227,8848eb35c1fffff,0.8047808764940239,210.5,42.3,unknown,33548,12,33.6941,-111.7251,Tier 2 — Top 25%,True,1.0,,1.0,6.955723896433361,7,False,0.6409
229,8848ebb197fffff,0.8047808764940239,211.3,36.6,unknown,76547,12,33.2448,-111.7639,Tier 2 — Top 25%,True,1.0,,1.0,4.987135999999451,5,False,0.6409
230,8829b6ce6dfffff,0.8047808764940239,210.2,33.8,unknown,33834,12,33.7525,-112.0865,Tier 2 — Top 25%,True,1.0,,1.0,10.85370000000041,11,False,0.6409
231,8848eba1e9fffff,0.796148738379814,211.1,34.3,unknown,94680,12,33.3682,-111.7168,Tier 2 — Top 25%,True,1.0,,1.0,6.210346625120604,6,False,0.6404
232,8848ebba9bfffff,0.796148738379814,211.3,41.1,unknown,36028,12,33.2453,-111.7041,Tier 2 — Top 25%,True,1.0,,1.0,5.036730632007959,5,False,0.6404
233,8848e96e63fffff,0.796148738379814,210.8,22.2,unknown,36381,12,33.3581,-112.2871,Tier 2 — Top 25%,True,1.0,,1.0,5.848445306182197,6,False,0.6404
234,8848ebb45bfffff,0.796148738379814,211.2,25.1,unknown,35548,12,33.2387,-111.975,Tier 2 — Top 25%,True,1.0,,1.0,4.308083999999846,4,False,0.6404
235,8848e962adfffff,0.796148738379814,211.0,32.1,unknown,33894,12,33.2512,-112.3259,Tier 2 — Top 25%,True,1.0,,1.0,2.243567725974698,2,False,0.6404
236,8829b6c52dfffff,0.796148738379814,210.2,36.1,unknown,33756,12,33.7654,-112.1601,Tier 2 — Top 25%,True,1.0,,1.0,9.417672000000199,10,False,0.6404
237,8829b6ce35fffff,0.796148738379814,210.1,38.8,unknown,33666,12,33.7964,-112.1061,Tier 2 — Top 25%,True,1.0,,1.0,5.966752000000331,6,False,0.6404
238,8829b6d0e9fffff,0.796148738379814,210.6,10.3,unknown,101962,12,33.5285,-112.1298,Tier 2 — Top 25%,True,1.0,,1.0,20.434030640962536,22,False,0.6404
240,8848e978a9fffff,0.7895086321381142,211.1,25.8,unknown,34107,12,33.223,-112.1407,Tier 2 — Top 25%,True,1.0,,1.0,2.5603599999995694,2,False,0.6401
241,8848ebb0b5fffff,0.7895086321381142,211.3,34.1,unknown,102639,12,33.2389,-111.8063,Tier 2 — Top 25%,True,1.0,,1.0,4.330347999999795,4,False,0.6401
243,8848eba103fffff,0.7861885790172642,211.2,36.8,unknown,71444,12,33.3477,-111.6965,Tier 2 — Top 25%,True,1.0,,1.0,4.3240890235334,4,False,0.6398
245,8848ebb193fffff,0.7861885790172642,211.3,36.0,unknown,84152,12,33.2433,-111.7745,Tier 2 — Top 25%,True,1.0,,1.0,4.820155999999444,5,False,0.6398
246,8848e96a21fffff,0.7861885790172642,211.0,18.0,unknown,34376,12,33.2897,-112.1102,Tier 2 — Top 25%,True,1.0,,1.0,9.985404000000061,10,False,0.6398
248,8829b6c5a7fffff,0.7808764940239044,210.0,44.1,unknown,33489,12,33.8282,-112.2108,Tier 2 — Top 25%,True,1.0,,1.0,2.426775999999881,2,False,0.6394
249,8848e96b47fffff,0.7808764940239044,211.1,19.5,unknown,34324,12,33.2737,-112.0581,Tier 2 — Top 25%,True,1.0,,1.0,8.204283999999467,8,False,0.6394
250,8848ebb685fffff,0.7808764940239044,211.2,23.8,unknown,34175,12,33.2425,-112.003,Tier 2 — Top 25%,True,1.0,,1.0,4.7310999999996515,5,False,0.6394
251,8829b6ced7fffff,0.7808764940239044,210.1,42.2,unknown,33553,12,33.8161,-112.1865,Tier 2 — Top 25%,True,1.0,,1.0,3.773748000000301,4,False,0.6394
252,8848eba03bfffff,0.7808764940239044,211.1,29.8,unknown,236910,12,33.3526,-111.7738,Tier 2 — Top 25%,True,1.0,,1.0,11.511657888853023,12,False,0.6394
254,8829b6c18dfffff,0.7762284196547145,210.3,29.9,unknown,33969,12,33.7169,-112.0631,Tier 2 — Top 25%,True,1.0,,1.0,14.816691999999875,16,False,0.639
257,8829b6ced3fffff,0.7762284196547145,210.1,42.3,unknown,33549,12,33.8146,-112.1972,Tier 2 — Top 25%,True,1.0,,1.0,3.9407280000003073,4,False,0.639
259,8829b6cad7fffff,0.7715803452855245,210.3,31.9,unknown,33900,12,33.7312,-112.0167,Tier 2 — Top 25%,True,1.0,,1.0,13.224816000000025,14,False,0.6385
262,8848ebb195fffff,0.7715803452855245,211.3,37.6,unknown,64991,12,33.2379,-111.7571,Tier 2 — Top 25%,True,1.0,,1.0,4.219028000000054,4,False,0.6385
263,8848ebb0b9fffff,0.7715803452855245,211.3,33.9,unknown,92493,12,33.2291,-111.8207,Tier 2 — Top 25%,True,1.0,,1.0,3.239411999999964,3,False,0.6385
264,8848e96a49fffff,0.7715803452855245,211.1,23.3,unknown,34194,12,33.2465,-112.1399,Tier 2 — Top 25%,True,1.0,,1.0,5.176379999999405,5,False,0.6385
265,8848eba329fffff,0.7715803452855245,211.3,39.5,unknown,44336,12,33.2855,-111.6955,Tier 2 — Top 25%,True,1.0,,1.0,4.23411805135857,4,False,0.6385
266,8848e96235fffff,0.7662682602921647,211.0,32.5,unknown,33878,12,33.2239,-112.2987,Tier 2 — Top 25%,True,1.0,,1.0,2.6605479999997317,2,False,0.638
268,8829b6ca91fffff,0.7662682602921647,210.3,33.5,unknown,33845,12,33.7464,-112.0196,Tier 2 — Top 25%,True,1.0,,1.0,11.532752000000015,12,False,0.638
269,8848ebb087fffff,0.7662682602921647,211.3,34.9,unknown,79725,12,33.2222,-111.814,Tier 2 — Top 25%,True,1.0,,1.0,2.471303999999777,2,False,0.638
271,8829b6cc57fffff,0.7629482071713147,210.1,42.2,unknown,33552,12,33.8266,-112.112,Tier 2 — Top 25%,True,1.0,,1.0,2.6048880000002566,2,False,0.6376
272,8848e96101fffff,0.7629482071713147,211.0,23.7,unknown,34180,12,33.2678,-112.2094,Tier 2 — Top 25%,True,1.0,,1.0,7.547495999999811,8,False,0.6376
273,8848e96b43fffff,0.7543160690571049,211.1,19.6,unknown,34320,12,33.2722,-112.0687,Tier 2 — Top 25%,True,1.0,,1.0,8.03730399999946,8,False,0.637
274,8848e979e1fffff,0.7543160690571049,211.2,25.6,unknown,34115,12,33.2184,-112.0636,Tier 2 — Top 25%,True,1.0,,1.0,2.048287999999972,2,False,0.637
275,8829b6cf57fffff,0.7543160690571049,210.2,36.8,unknown,33735,12,33.7789,-112.0643,Tier 2 — Top 25%,True,1.0,,1.0,7.914852000000141,8,False,0.637
276,8848eba61bfffff,0.7543160690571049,211.0,11.5,unknown,79579,12,33.3684,-111.9948,Tier 2 — Top 25%,True,0.2834,protected,1.0,18.74628799999981,20,False,0.637
277,8848e96e6dfffff,0.7543160690571049,210.8,21.8,unknown,34243,12,33.3444,-112.2735,Tier 2 — Top 25%,True,1.0,,1.0,7.114093494414004,7,False,0.637
279,8848ebb1abfffff,0.7543160690571049,211.3,39.9,unknown,44626,12,33.234,-111.7291,Tier 2 — Top 25%,True,1.0,,1.0,3.7848799999998795,4,False,0.637
280,8848eba00bfffff,0.7543160690571049,211.1,30.8,unknown,183234,12,33.329,-111.7747,Tier 2 — Top 25%,True,1.0,,1.0,11.598487829449583,12,False,0.637
281,8829b6cf31fffff,0.7543160690571049,210.2,39.8,unknown,33633,12,33.8054,-112.0422,Tier 2 — Top 25%,True,1.0,,1.0,4.964872000000294,5,False,0.637
282,8848e96e05fffff,0.7543160690571049,210.8,22.4,unknown,42877,12,33.3649,-112.2939,Tier 2 — Top 25%,True,1.0,,1.0,5.215773360589333,5,False,0.637
283,8829b6ca47fffff,0.7543160690571049,210.5,27.5,unknown,34049,12,33.6713,-111.9448,Tier 2 — Top 25%,True,1.0,,1.0,19.89288399999991,21,False,0.637
284,8829b6ce57fffff,0.7543160690571049,210.2,36.1,unknown,33758,12,33.7684,-112.1388,Tier 2 — Top 25%,True,1.0,,1.0,9.083712000000185,9,False,0.637
285,8848e96e61fffff,0.7430278884462151,210.8,22.0,unknown,34238,12,33.3513,-112.2803,Tier 3 — Top 50%,True,1.0,,1.0,6.481215969743789,7,False,0.6364
287,8848eba365fffff,0.7430278884462151,211.3,41.4,unknown,33580,12,33.2717,-111.6819,Tier 3 — Top 50%,True,1.0,,1.0,2.9690048271229723,3,False,0.6364
288,8829b6c1b7fffff,0.7430278884462151,210.2,34.2,unknown,33824,12,33.7555,-112.0652,Tier 3 — Top 50%,True,1.0,,1.0,10.519740000000398,11,False,0.6364
291,8829b6cf2bfffff,0.7430278884462151,210.2,38.4,unknown,33680,12,33.7918,-112.0285,Tier 3 — Top 50%,True,1.0,,1.0,6.478823999999928,7,False,0.6364
292,8829b6d8a7fffff,0.7430278884462151,210.5,25.2,unknown,34129,12,33.6478,-111.9457,Tier 3 — Top 50%,True,1.0,,1.0,22.508904000000534,24,False,0.6364
293,8829b6cf0dfffff,0.7430278884462151,210.2,36.5,unknown,33744,12,33.7751,-112.0362,Tier 3 — Top 50%,True,1.0,,1.0,8.337867999999947,9,False,0.6364
294,8848ebac17fffff,0.7363877822045153,210.8,28.5,unknown,36945,12,33.5155,-111.778,Tier 3 — Top 50%,True,1.0,,1.0,11.879877728863134,12,False,0.636
295,8848e96a1dfffff,0.7363877822045153,211.0,19.7,unknown,34316,12,33.2837,-112.1526,Tier 3 — Top 50%,True,1.0,,1.0,9.317484000000036,10,False,0.636
296,8829b6cf01fffff,0.7363877822045153,210.2,37.2,unknown,33721,12,33.7819,-112.043,Tier 3 — Top 50%,True,1.0,,1.0,7.580892000000128,8,False,0.636
297,8848e96123fffff,0.7363877822045153,211.0,21.1,unknown,34269,12,33.286,-112.1912,Tier 3 — Top 50%,True,1.0,,1.0,9.573519999999835,10,False,0.636
299,8848e96d4dfffff,0.7310756972111554,210.8,12.6,unknown,64612,12,33.402,-112.1977,Tier 3 — Top 50%,True,1.0,,1.0,14.153714941037242,15,False,0.6356
300,8829b6cc59fffff,0.7310756972111554,210.1,40.4,unknown,33612,12,33.81,-112.1197,Tier 3 — Top 50%,True,1.0,,1.0,4.452799999999905,4,False,0.6356
302,8829b6c1b1fffff,0.7310756972111554,210.3,33.2,unknown,33855,12,33.7472,-112.069,Tier 3 — Top 50%,True,1.0,,1.0,11.443696000000221,12,False,0.6356
304,8829b6c2b7fffff,0.7310756972111554,210.3,27.9,unknown,36302,12,33.6867,-112.1664,Tier 3 — Top 50%,True,1.0,,1.0,17.006403102839883,18,False,0.6356
305,8848e96e65fffff,0.7244355909694555,210.8,21.1,unknown,34270,12,33.3528,-112.2697,Tier 3 — Top 50%,True,1.0,,1.0,7.46675286486136,8,False,0.6352
306,8848e97895fffff,0.7244355909694555,211.1,25.7,unknown,34112,12,33.2337,-112.1755,Tier 3 — Top 50%,True,1.0,,1.0,3.7514839999995617,4,False,0.6352
307,8829b6cf5bfffff,0.7244355909694555,210.2,35.7,unknown,33772,12,33.7691,-112.0788,Tier 3 — Top 50%,True,1.0,,1.0,9.005787999999972,9,False,0.6352
308,8848ebb1b1fffff,0.7244355909694555,211.3,38.0,unknown,61443,12,33.2477,-111.7427,Tier 3 — Top 50%,True,1.0,,1.0,5.309963999999884,5,False,0.6352
309,8848e96d01fffff,0.7244355909694555,210.7,12.2,unknown,70300,12,33.4323,-112.2036,Tier 3 — Top 50%,True,1.0,,1.0,13.600663003486554,14,False,0.6352
310,8829b6c445fffff,0.7244355909694555,210.2,35.4,unknown,33780,12,33.7284,-112.2567,Tier 3 — Top 50%,True,1.0,,1.0,8.637947817809534,9,False,0.6352
311,8829b6d19dfffff,0.7158034528552457,210.6,13.1,unknown,58638,12,33.5648,-112.0933,Tier 3 — Top 50%,True,1.0,,1.0,23.81113814367909,25,False,0.6346
313,8848e961b1fffff,0.7158034528552457,210.9,20.8,unknown,34278,12,33.3391,-112.2561,Tier 3 — Top 50%,True,1.0,,1.0,8.732732486022357,9,False,0.6346
316,8848e96045fffff,0.7158034528552457,211.0,30.1,unknown,33961,12,33.2352,-112.2737,Tier 3 — Top 50%,True,1.0,,1.0,3.918463999999568,4,False,0.6346
317,8848ebb0a5fffff,0.7158034528552457,211.3,36.6,unknown,70502,12,33.2267,-111.7822,Tier 3 — Top 50%,True,1.0,,1.0,2.972243999999796,3,False,0.6346
318,8829b6c545fffff,0.7158034528552457,210.2,33.8,unknown,33835,12,33.7389,-112.1822,Tier 3 — Top 50%,True,1.0,,1.0,12.367652000000046,13,False,0.6346
319,8848e96103fffff,0.7158034528552457,211.0,23.4,unknown,34190,12,33.2747,-112.2162,Tier 3 — Top 50%,True,1.0,,1.0,8.315603999999999,9,False,0.6346
320,8829b6cd0dfffff,0.7158034528552457,210.1,43.2,unknown,33518,12,33.8333,-112.0094,Tier 3 — Top 50%,True,1.0,,1.0,1.8590440000000177,2,False,0.6346
321,8829b6c0c1fffff,0.7098273572377158,210.3,27.6,unknown,34045,12,33.6898,-112.1452,Tier 3 — Top 50%,True,1.0,,1.0,17.833464000000358,19,False,0.6341
325,8829b6c75bfffff,0.7098273572377158,210.3,31.6,unknown,43489,12,33.6898,-112.2545,Tier 3 — Top 50%,True,1.0,,1.0,8.845604136591962,9,False,0.6341
327,8848e97985fffff,0.7058432934926959,211.1,24.1,unknown,34167,12,33.232,-112.0772,Tier 3 — Top 50%,True,1.0,,1.0,3.5622399999996075,3,False,0.6336
328,8848e96b0bfffff,0.7058432934926959,211.1,17.9,unknown,34378,12,33.2874,-112.0716,Tier 3 — Top 50%,True,1.0,,1.0,9.729367999999472,10,False,0.6336
329,8829b6c5e7fffff,0.7058432934926959,210.1,41.6,unknown,33572,12,33.8048,-112.2117,Tier 3 — Top 50%,True,1.0,,1.0,5.031664000000138,5,False,0.6336
330,8848e961c7fffff,0.7058432934926959,210.9,23.4,unknown,34188,12,33.3005,-112.2539,Tier 3 — Top 50%,True,1.0,,1.0,8.941292197309721,9,False,0.6336
334,8829b6c19dfffff,0.699867197875166,210.3,31.2,unknown,33923,12,33.729,-112.0873,Tier 3 — Top 50%,True,1.0,,1.0,13.469720000000246,14,False,0.6328
335,8848e96049fffff,0.699867197875166,211.0,31.8,unknown,33904,12,33.2254,-112.2881,Tier 3 — Top 50%,True,1.0,,1.0,2.827527999999738,3,False,0.6328
336,8829b6cf27fffff,0.699867197875166,210.2,39.7,unknown,33638,12,33.8016,-112.0141,Tier 3 — Top 50%,True,1.0,,1.0,5.387888000000099,5,False,0.6328
337,8848e96107fffff,0.699867197875166,211.0,22.7,unknown,34213,12,33.2762,-112.2056,Tier 3 — Top 50%,True,1.0,,1.0,8.482584000000005,9,False,0.6328
341,8848e96f51fffff,0.699867197875166,210.8,19.3,unknown,34329,12,33.3626,-112.2553,Tier 3 — Top 50%,True,1.0,,1.0,8.804755676204318,9,False,0.6328
342,8848e96d55fffff,0.6958831341301461,210.7,13.7,unknown,51937,12,33.4225,-112.218,Tier 3 — Top 50%,True,1.0,,1.0,12.264277418388188,13,False,0.6327
343,8829b6d60bfffff,0.6899070385126163,210.5,23.5,unknown,69050,12,33.5263,-112.3095,Tier 3 — Top 50%,True,1.0,,1.0,3.7583982545032226,4,False,0.6322
344,8848e961a3fffff,0.6899070385126163,210.9,19.9,unknown,34310,12,33.3338,-112.2387,Tier 3 — Top 50%,True,1.0,,1.0,10.351568348798624,11,False,0.6322
345,8829b6c70dfffff,0.6899070385126163,210.3,30.3,unknown,38876,12,33.6958,-112.212,Tier 3 — Top 50%,True,1.0,,1.0,12.781237115652113,13,False,0.6322
346,8848ebb1bbfffff,0.6899070385126163,211.3,37.3,unknown,68887,12,33.2463,-111.7533,Tier 3 — Top 50%,True,1.0,,1.0,5.154115999999457,5,False,0.6322
347,8848ebb0abfffff,0.6899070385126163,211.3,35.4,unknown,77746,12,33.2237,-111.8034,Tier 3 — Top 50%,True,1.0,,1.0,2.6382839999997834,2,False,0.6322
349,8848e978b5fffff,0.6899070385126163,211.1,23.7,unknown,34179,12,33.245,-112.1505,Tier 3 — Top 50%,True,1.0,,1.0,5.009399999999398,5,False,0.6322
350,8829b6ce99fffff,0.6899070385126163,210.1,43.1,unknown,33523,12,33.8229,-112.1934,Tier 3 — Top 50%,True,1.0,,1.0,3.016772000000483,3,False,0.6322
353,8848e96d39fffff,0.6899070385126163,210.7,12.3,unknown,68298,12,33.4475,-112.2066,Tier 3 — Top 50%,True,1.0,,1.0,13.31962719959494,14,False,0.6322
354,8848eba249fffff,0.6812749003984063,211.3,34.7,unknown,97661,12,33.2404,-111.7957,Tier 3 — Top 50%,True,1.0,,1.0,4.497327999999801,4,False,0.6316
355,8829b6c721fffff,0.6812749003984063,210.2,31.5,unknown,33912,12,33.714,-112.1937,Tier 3 — Top 50%,True,1.0,,1.0,14.473073340271462,15,False,0.6316
356,8848e9612dfffff,0.6812749003984063,211.0,21.8,unknown,34244,12,33.2724,-112.1776,Tier 3 — Top 50%,True,1.0,,1.0,8.059567999999409,8,False,0.6316
357,8848ebb1d7fffff,0.6812749003984063,211.3,38.2,unknown,55754,12,33.2213,-111.7648,Tier 3 — Top 50%,True,1.0,,1.0,2.371115999999615,2,False,0.6316
359,8848eba269fffff,0.6812749003984063,211.3,35.7,unknown,90135,12,33.2517,-111.7706,Tier 3 — Top 50%,True,1.0,,1.0,5.755243999999638,6,False,0.6316
363,8848ebb6d7fffff,0.6719787516600265,211.2,23.7,unknown,34180,12,33.238,-112.0348,Tier 3 — Top 50%,True,1.0,,1.0,4.230159999999633,4,False,0.6308
364,8829b6ca39fffff,0.6719787516600265,210.4,30.4,unknown,33952,12,33.7016,-111.9507,Tier 3 — Top 50%,True,0.2992,protected,1.0,16.519888000000257,17,False,0.6308
365,8829b6c0bdfffff,0.6719787516600265,210.2,31.8,unknown,33902,12,33.7298,-112.1367,Tier 3 — Top 50%,True,1.0,,1.0,13.380664000000454,14,False,0.6308
366,8848ebb0b1fffff,0.6719787516600265,211.3,33.5,unknown,105822,12,33.2374,-111.8169,Tier 3 — Top 50%,True,1.0,,1.0,4.163367999999789,4,False,0.6308
367,8848ebb18bfffff,0.6719787516600265,211.3,38.9,unknown,51346,12,33.2227,-111.7542,Tier 3 — Top 50%,True,1.0,,1.0,2.526964000000043,2,False,0.6308
368,8829b6cf5dfffff,0.6719787516600265,210.2,35.1,unknown,33792,12,33.7638,-112.0613,Tier 3 — Top 50%,True,1.0,,1.0,9.595783999999783,10,False,0.6308
370,8848e96b65fffff,0.6719787516600265,211.1,19.4,unknown,34326,12,33.2782,-112.0263,Tier 3 — Top 50%,True,1.0,,1.0,8.705223999999486,9,False,0.6308
372,8848eba155fffff,0.6719787516600265,211.2,36.7,unknown,75978,12,33.331,-111.7042,Tier 3 — Top 50%,True,1.0,,1.0,5.041087488476974,5,False,0.6308
373,8848e979a1fffff,0.6719787516600265,211.1,23.0,unknown,34204,12,33.2419,-112.0627,Tier 3 — Top 50%,True,1.0,,1.0,4.664307999999807,5,False,0.6308
374,8848e9604bfffff,0.6620185922974767,211.0,31.6,unknown,33910,12,33.2322,-112.2949,Tier 3 — Top 50%,True,1.0,,1.0,3.5845039999995554,3,False,0.6302
375,8848ebb4d9fffff,0.6620185922974767,211.1,19.5,unknown,34323,12,33.2797,-112.0157,Tier 3 — Top 50%,True,1.0,,1.0,8.872203999999492,9,False,0.6302
376,8848ebb5cbfffff,0.6620185922974767,211.1,22.9,unknown,104506,12,33.2848,-111.9241,Tier 3 — Top 50%,True,1.0,,1.0,9.439935999999355,10,False,0.6302
377,8829b6c441fffff,0.6620185922974767,210.2,35.8,unknown,33769,12,33.7268,-112.2673,Tier 3 — Top 50%,True,1.0,,1.0,7.656715998267723,8,False,0.6302
378,8848e96b45fffff,0.6620185922974767,211.1,20.3,unknown,34296,12,33.2669,-112.0513,Tier 3 — Top 50%,True,1.0,,1.0,7.447307999999649,8,False,0.6302
379,8848ebace9fffff,0.6620185922974767,210.8,28.1,unknown,40531,12,33.5224,-111.7848,Tier 3 — Top 50%,True,1.0,,1.0,12.509998312624012,13,False,0.6302
382,8829b6c60bfffff,0.6560424966799469,210.2,34.3,unknown,35406,12,33.6905,-112.3038,Tier 3 — Top 50%,True,1.0,,1.0,4.279199817538302,4,False,0.6297
384,8829b6c56dfffff,0.6560424966799469,210.2,33.6,unknown,33842,12,33.742,-112.1609,Tier 3 — Top 50%,True,1.0,,1.0,12.022560000000455,13,False,0.6297
387,8848ebace1fffff,0.6560424966799469,210.8,28.7,unknown,36054,12,33.5307,-111.7809,Tier 3 — Top 50%,True,1.0,,1.0,12.146896258603283,13,False,0.6297
388,8848e97991fffff,0.6527224435590969,211.1,23.1,unknown,34199,12,33.2427,-112.1119,Tier 3 — Top 50%,True,1.0,,1.0,4.7533639999996,5,False,0.6293
392,8829b6cd47fffff,0.6527224435590969,210.1,42.3,unknown,33551,12,33.825,-112.0132,Tier 3 — Top 50%,True,1.0,,1.0,2.782999999999842,3,False,0.6293
393,8848e979bdfffff,0.648738379814077,211.1,22.4,unknown,34225,12,33.2472,-112.0801,Tier 3 — Top 50%,True,1.0,,1.0,5.254303999999618,5,False,0.6287
394,8848ebb6ebfffff,0.648738379814077,211.2,25.5,unknown,34117,12,33.2273,-112.0,Tier 3 — Top 50%,True,1.0,,1.0,3.0390359999996406,3,False,0.6287
398,8848e96a2dfffff,0.648738379814077,211.0,18.6,unknown,34354,12,33.2829,-112.1034,Tier 3 — Top 50%,True,1.0,,1.0,9.228427999999452,10,False,0.6287
399,8829b6c4d5fffff,0.648738379814077,210.0,44.5,unknown,33474,12,33.7881,-112.3287,Tier 3 — Top 50%,True,1.0,,1.0,1.9706344855784386,2,False,0.6287
400,8848eba257fffff,0.6427622841965471,211.2,31.4,unknown,176161,12,33.2693,-111.8122,Tier 3 — Top 50%,True,1.0,,1.0,7.714475999999817,8,False,0.628
402,8829b6c893fffff,0.6427622841965471,210.2,40.9,unknown,33594,12,33.8114,-111.9996,Tier 3 — Top 50%,True,0.4506,protected,1.0,4.296952000000268,4,False,0.628
405,8848ebb449fffff,0.6427622841965471,211.2,28.2,unknown,41695,12,33.2196,-111.9441,Tier 3 — Top 50%,True,1.0,,1.0,2.1818719999996605,2,False,0.628
408,8829b6ce4dfffff,0.6427622841965471,210.2,32.7,unknown,33872,12,33.7412,-112.1116,Tier 3 — Top 50%,True,1.0,,1.0,12.111616000000247,13,False,0.628
409,8848eba133fffff,0.6427622841965471,211.1,36.2,unknown,67917,12,33.3712,-111.6956,Tier 3 — Top 50%,True,1.0,,1.0,4.239252100746446,4,False,0.628
410,8848eba611fffff,0.6387782204515272,211.0,12.1,unknown,71573,12,33.3699,-111.9842,Tier 3 — Top 50%,True,0.4807,protected,1.0,18.913267999999817,20,False,0.6278
411,8829b6c507fffff,0.6354581673306773,210.1,37.2,unknown,33720,12,33.7692,-112.1882,Tier 3 — Top 50%,True,1.0,,1.0,8.994656000000393,9,False,0.6275
412,8829b6ca97fffff,0.6354581673306773,210.3,34.5,unknown,33813,12,33.7547,-112.0158,Tier 3 — Top 50%,True,1.0,,1.0,10.60879600000019,11,False,0.6275
413,8848ebb1e3fffff,0.6354581673306773,211.4,41.2,unknown,35970,12,33.2188,-111.7262,Tier 3 — Top 50%,True,1.0,,1.0,2.092815999999868,2,False,0.6275
415,8848e97891fffff,0.6354581673306773,211.1,26.2,unknown,34094,12,33.2322,-112.186,Tier 3 — Top 50%,True,1.0,,1.0,3.5845039999995554,3,False,0.6275
416,8848e968d9fffff,0.6321381142098274,210.9,13.9,unknown,49986,12,33.3649,-112.1849,Tier 3 — Top 50%,True,1.0,,1.0,15.349807162803279,16,False,0.627
417,8848e96881fffff,0.6308100929614874,210.8,10.4,unknown,99712,12,33.3846,-112.1561,Tier 3 — Top 50%,True,1.0,,1.0,18.023340744213126,19,False,0.6269
419,8848eba18bfffff,0.6248339973439575,211.1,31.0,unknown,121502,12,33.3873,-111.7478,Tier 3 — Top 50%,True,0.2007,tribal,1.0,9.090397029035792,9,False,0.6268
420,8829b6cf67fffff,0.6248339973439575,210.2,37.1,unknown,33725,12,33.7781,-112.0149,Tier 3 — Top 50%,True,1.0,,1.0,8.003907999999933,8,False,0.6268
421,8848e96145fffff,0.6248339973439575,211.1,25.4,unknown,34122,12,33.2458,-112.1996,Tier 3 — Top 50%,True,1.0,,1.0,5.098455999999982,5,False,0.6268
423,8829b6c413fffff,0.6248339973439575,210.1,41.2,unknown,33584,12,33.7692,-112.2976,Tier 3 — Top 50%,True,1.0,,1.0,4.849015682600015,5,False,0.6268
424,8829b6c5d7fffff,0.6248339973439575,210.0,43.3,unknown,33515,12,33.8055,-112.2611,Tier 3 — Top 50%,True,1.0,,1.0,4.953739999999923,5,False,0.6268
425,8848e960e7fffff,0.6248339973439575,210.9,26.8,unknown,34072,12,33.3012,-112.3031,Tier 3 — Top 50%,True,1.0,,1.0,4.363613304777428,4,False,0.6268
426,8829b6c55bfffff,0.6248339973439575,210.2,36.2,unknown,33753,12,33.748,-112.2278,Tier 3 — Top 50%,True,1.0,,1.0,11.310997705707022,12,False,0.6268
427,8848e96e6bfffff,0.6248339973439575,210.8,22.9,unknown,34206,12,33.3497,-112.2909,Tier 3 — Top 50%,True,1.0,,1.0,5.495651415514632,5,False,0.6268
429,8848eba101fffff,0.6168658698539177,211.2,37.6,unknown,63515,12,33.3408,-111.6897,Tier 3 — Top 50%,True,1.0,,1.0,3.6920416670107707,4,False,0.6258
430,8848eba35bfffff,0.6168658698539177,211.3,35.9,unknown,86236,12,33.2698,-111.7523,Tier 3 — Top 50%,True,1.0,,1.0,7.770135999999292,8,False,0.6258
436,8829b6c097fffff,0.6168658698539177,210.2,32.8,unknown,33869,12,33.7336,-112.1648,Tier 3 — Top 50%,True,1.0,,1.0,12.957647999999857,14,False,0.6258
437,8829b6c187fffff,0.6168658698539177,210.3,31.5,unknown,33912,12,33.732,-112.066,Tier 3 — Top 50%,True,1.0,,1.0,13.135760000000234,14,False,0.6258
438,8848e96d63fffff,0.6135458167330677,210.8,10.7,unknown,94491,12,33.427,-112.1862,Tier 3 — Top 50%,True,1.0,,1.0,15.218064475462809,16,False,0.6257
440,8848ebaacbfffff,0.6122177954847278,211.1,38.0,unknown,48702,12,33.3741,-111.6743,Tier 3 — Top 50%,True,1.0,,1.0,2.258999817475028,2,False,0.6252
444,8848e97893fffff,0.6082337317397079,211.1,25.8,unknown,34109,12,33.239,-112.1928,Tier 3 — Top 50%,True,1.0,,1.0,4.341479999999374,4,False,0.6246
446,8848e97881fffff,0.6082337317397079,211.1,26.7,unknown,34078,12,33.22,-112.1619,Tier 3 — Top 50%,True,1.0,,1.0,2.2263999999995567,2,False,0.6246
448,8848e96337fffff,0.6082337317397079,211.0,27.3,unknown,34057,12,33.2413,-112.2314,Tier 3 — Top 50%,True,1.0,,1.0,4.597515999999963,4,False,0.6246
449,8848ebb099fffff,0.6082337317397079,211.3,33.3,unknown,77595,12,33.2178,-111.8458,Tier 3 — Top 50%,True,1.0,,1.0,1.9814959999993367,2,False,0.6246
451,8848ebb09bfffff,0.6082337317397079,211.3,32.3,unknown,87355,12,33.2246,-111.8525,Tier 3 — Top 50%,True,1.0,,1.0,2.7384719999999456,2,False,0.6246
453,8848ebb6e3fffff,0.600929614873838,211.2,24.7,unknown,34144,12,33.2357,-111.9962,Tier 3 — Top 50%,True,1.0,,1.0,3.974123999999834,4,False,0.6239
454,8829b6ce25fffff,0.600929614873838,210.2,37.4,unknown,33715,12,33.7843,-112.0818,Tier 3 — Top 50%,True,1.0,,1.0,7.313723999999961,7,False,0.6239
455,8848eba141fffff,0.600929614873838,211.2,38.5,unknown,57135,12,33.3173,-111.6907,Tier 3 — Top 50%,True,1.0,,1.0,3.7860612270917504,4,False,0.6239
456,8829b6c1a7fffff,0.600929614873838,210.3,32.9,unknown,33865,12,33.7434,-112.0409,Tier 3 — Top 50%,True,1.0,,1.0,11.866712000000026,12,False,0.6239
459,8848ebb18dfffff,0.600929614873838,211.4,40.5,unknown,39738,12,33.2174,-111.7368,Tier 3 — Top 50%,True,1.0,,1.0,1.9369679999994405,2,False,0.6239
460,8848ebb187fffff,0.600929614873838,211.3,39.2,unknown,49815,12,33.2326,-111.7397,Tier 3 — Top 50%,True,1.0,,1.0,3.6290319999994516,3,False,0.6239
461,8829b6d0a9fffff,0.5962815405046481,210.6,12.6,unknown,64453,12,33.552,-112.129,Tier 3 — Top 50%,True,1.0,,1.0,20.502693513499956,22,False,0.6232
462,8829b6ce37fffff,0.5903054448871182,210.1,39.6,unknown,33639,12,33.8032,-112.1129,Tier 3 — Top 50%,True,1.0,,1.0,5.209776000000513,5,False,0.6231
463,8848e96117fffff,0.5903054448871182,211.0,22.9,unknown,34206,12,33.2883,-112.2298,Tier 3 — Top 50%,True,1.0,,1.0,9.829555999999634,10,False,0.6231
464,8829b6c5adfffff,0.5903054448871182,210.1,42.4,unknown,33546,12,33.8131,-112.2078,Tier 3 — Top 50%,True,1.0,,1.0,4.107708000000313,4,False,0.6231
467,8848ebacd9fffff,0.5903054448871182,210.8,23.8,unknown,96690,12,33.5233,-111.8341,Tier 3 — Top 50%,True,1.0,,1.0,17.085064716477657,18,False,0.6231
468,8829b6c8d3fffff,0.5903054448871182,210.2,38.4,unknown,33681,12,33.7879,-112.0004,Tier 3 — Top 50%,True,0.5503,protected,1.0,6.912972000000103,7,False,0.6231
469,8848e978b7fffff,0.5903054448871182,211.1,23.2,unknown,34197,12,33.2519,-112.1573,Tier 3 — Top 50%,True,1.0,,1.0,5.777507999999586,6,False,0.6231
470,8848eba32bfffff,0.5903054448871182,211.3,38.6,unknown,52141,12,33.2923,-111.7022,Tier 3 — Top 50%,True,1.0,,1.0,4.857225043624022,5,False,0.6231
471,8848ebb451fffff,0.5903054448871182,211.2,25.3,unknown,41468,12,33.2401,-111.9644,Tier 3 — Top 50%,True,1.0,,1.0,4.463931999999484,4,False,0.6231
472,8848e968e9fffff,0.5843293492695883,210.9,11.0,unknown,88873,12,33.3641,-112.1357,Tier 3 — Top 50%,True,0.9995,protected,1.0,18.26761199999974,19,False,0.623
473,8848e961a1fffff,0.5816733067729084,210.9,19.9,unknown,34309,12,33.327,-112.2319,Tier 3 — Top 50%,True,1.0,,1.0,10.984866516945997,11,False,0.6225
474,8848eba1c5fffff,0.5816733067729084,211.1,33.4,unknown,111762,12,33.3668,-111.7274,Tier 3 — Top 50%,True,1.0,,1.0,7.195936584664312,7,False,0.6225
477,8829b6db29fffff,0.5816733067729084,210.7,22.2,unknown,126371,12,33.5355,-111.8583,Tier 3 — Top 50%,True,0.9914,protected,1.0,19.32817432316795,20,False,0.6225
478,8848e96d49fffff,0.5790172642762285,210.8,13.6,unknown,53229,12,33.4005,-112.2083,Tier 3 — Top 50%,True,1.0,,1.0,13.168851151769358,14,False,0.6222
481,8848e979ebfffff,0.5776892430278885,211.2,25.7,unknown,34110,12,33.2169,-112.0742,Tier 3 — Top 50%,True,1.0,,1.0,1.8813079999999658,2,False,0.622
482,8848ebaeb5fffff,0.5763612217795485,210.8,24.5,unknown,82156,12,33.5096,-111.8205,Tier 3 — Top 50%,True,0.4499,tribal,1.0,15.825447477177866,17,False,0.6216
486,8848e96d37fffff,0.5750332005312085,210.7,11.7,unknown,76658,12,33.4642,-112.199,Tier 3 — Top 50%,True,1.0,,1.0,14.02284784644586,15,False,0.6214
487,8848eba639fffff,0.5737051792828686,211.0,13.3,unknown,94810,12,33.3729,-111.963,Tier 3 — Top 50%,True,0.8639,protected,1.0,19.247227999999833,20,False,0.6211
488,8848e9618dfffff,0.5683930942895087,210.9,22.5,unknown,34219,12,33.3088,-112.2501,Tier 3 — Top 50%,True,1.0,,1.0,9.29396547515544,10,False,0.6209
489,8829b6cf6bfffff,0.5683930942895087,210.2,35.8,unknown,33768,12,33.7683,-112.0294,Tier 3 — Top 50%,True,1.0,,1.0,9.094843999999764,9,False,0.6209
490,8829b6c467fffff,0.5683930942895087,210.2,36.5,unknown,33745,12,33.7465,-112.2384,Tier 3 — Top 50%,True,1.0,,1.0,10.33002801343235,11,False,0.6209
491,8848e96b5dfffff,0.5683930942895087,211.1,19.8,unknown,34314,12,33.2707,-112.0793,Tier 3 — Top 50%,True,1.0,,1.0,7.870323999999454,8,False,0.6209
492,8829b6ce91fffff,0.5683930942895087,210.0,43.9,unknown,33496,12,33.8312,-112.1895,Tier 3 — Top 50%,True,1.0,,1.0,2.092815999999868,2,False,0.6209
493,8829b6ce55fffff,0.5683930942895087,210.2,35.2,unknown,33787,12,33.7616,-112.132,Tier 3 — Top 50%,True,1.0,,1.0,9.840688000000004,10,False,0.6209
495,8848eba147fffff,0.5683930942895087,211.2,38.5,unknown,57039,12,33.3256,-111.6868,Tier 3 — Top 50%,True,1.0,,1.0,3.422943121823242,3,False,0.6209
497,8829b6cec1fffff,0.5597609561752988,210.1,39.5,unknown,33642,12,33.7957,-112.1661,Tier 3 — Top 50%,True,1.0,,1.0,6.044676000000545,6,False,0.62
498,8848e97995fffff,0.5597609561752988,211.1,22.8,unknown,34209,12,33.2442,-112.1013,Tier 3 — Top 50%,True,1.0,,1.0,4.920343999999606,5,False,0.62
500,8848eba321fffff,0.5597609561752988,211.3,39.5,unknown,46568,12,33.2938,-111.6916,Tier 3 — Top 50%,True,1.0,,1.0,3.8708254392040686,4,False,0.62
503,8848ebacd1fffff,0.5597609561752988,210.8,24.4,unknown,84245,12,33.5316,-111.8302,Tier 3 — Top 50%,True,1.0,,1.0,16.721527285058094,18,False,0.62
504,8829b6c423fffff,0.5597609561752988,210.1,39.1,unknown,33657,12,33.7684,-112.2482,Tier 3 — Top 50%,True,1.0,,1.0,9.083712000000185,9,False,0.62
506,8829b6d485fffff,0.5597609561752988,210.3,30.1,unknown,68984,12,33.6353,-112.3093,Tier 3 — Top 50%,True,1.0,,1.0,3.77219081061977,4,False,0.62
509,8848e9606dfffff,0.5524568393094289,211.0,28.7,unknown,34010,12,33.2383,-112.2526,Tier 3 — Top 50%,True,1.0,,1.0,4.263555999999951,4,False,0.6193
510,8848e962a5fffff,0.5524568393094289,211.0,31.2,unknown,33925,12,33.2595,-112.3221,Tier 3 — Top 50%,True,1.0,,1.0,2.5970785708889332,2,False,0.6193
511,8848eb351bfffff,0.5524568393094289,210.6,42.3,unknown,33547,12,33.6804,-111.7115,Tier 3 — Top 50%,True,1.0,,1.0,5.697006768835216,6,False,0.6193
512,8829b6c5a9fffff,0.5524568393094289,210.1,42.5,unknown,33541,12,33.8116,-112.2185,Tier 3 — Top 50%,True,1.0,,1.0,4.27468800000032,4,False,0.6193
513,8848eba113fffff,0.5524568393094289,211.1,34.2,unknown,103326,12,33.3599,-111.7207,Tier 3 — Top 50%,True,1.0,,1.0,6.573553755613021,7,False,0.6193
514,8829b6d1ebfffff,0.548472775564409,210.6,10.9,unknown,90645,12,33.5458,-112.0622,Tier 3 — Top 50%,True,1.0,,1.0,26.701803692488305,28,False,0.6191
516,8848e960a7fffff,0.5444887118193891,210.9,25.3,unknown,34126,12,33.3247,-112.3023,Tier 3 — Top 50%,True,1.0,,1.0,4.436849816031799,4,False,0.6186
518,8829b6d4a3fffff,0.5444887118193891,210.3,30.9,unknown,60657,12,33.6519,-112.3016,Tier 3 — Top 50%,True,1.0,,1.0,4.484983695981278,4,False,0.6186
519,8848eb3501fffff,0.5444887118193891,210.6,44.3,unknown,33483,12,33.6696,-111.6767,Tier 3 — Top 50%,True,1.0,,1.0,2.4736452968251075,2,False,0.6186
526,8829b6c195fffff,0.5444887118193891,210.3,32.1,unknown,33892,12,33.7374,-112.0835,Tier 3 — Top 50%,True,1.0,,1.0,12.534632000000052,13,False,0.6186
528,8848ebacc9fffff,0.5444887118193891,210.8,25.5,unknown,67277,12,33.5111,-111.8099,Tier 3 — Top 50%,True,0.6441,tribal,1.0,14.841320739837686,16,False,0.6186
529,8829b6d0c7fffff,0.5405046480743692,210.6,11.7,unknown,77454,12,33.5338,-112.1472,Tier 3 — Top 50%,True,1.0,,1.0,18.818198909862573,20,False,0.6182
530,8848e961c9fffff,0.5378486055776892,211.0,25.3,unknown,34126,12,33.2838,-112.2615,Tier 3 — Top 50%,True,1.0,,1.0,8.235752672804924,8,False,0.6179
531,8829b6c747fffff,0.5378486055776892,210.3,29.7,unknown,44671,12,33.6875,-112.2158,Tier 3 — Top 50%,True,1.0,,1.0,12.430490493734109,13,False,0.6179
532,8848eb353bfffff,0.5378486055776892,210.6,45.0,unknown,33460,12,33.6916,-111.6864,Tier 3 — Top 50%,True,1.0,,1.0,3.371447612022258,3,False,0.6179
534,8848e9681bfffff,0.5351925630810093,210.9,12.9,unknown,60095,12,33.3474,-112.1433,Tier 3 — Top 50%,True,1.0,,1.0,16.408567999999725,17,False,0.6177
535,8829b6d087fffff,0.5338645418326693,210.5,13.8,unknown,70892,12,33.5573,-112.1464,Tier 3 — Top 50%,True,1.0,,1.0,18.88729546789422,20,False,0.6176
540,8829b6ca05fffff,0.5312084993359893,210.4,29.5,unknown,33982,12,33.6879,-111.9371,Tier 3 — Top 50%,True,1.0,,1.0,18.04497200000026,19,False,0.6172
543,8829b6c503fffff,0.5312084993359893,210.1,37.3,unknown,33716,12,33.7677,-112.1989,Tier 3 — Top 50%,True,1.0,,1.0,9.1616360000004,9,False,0.6172
544,8848e9623bfffff,0.5312084993359893,211.0,34.1,unknown,33826,12,33.2208,-112.3199,Tier 3 — Top 50%,True,1.0,,1.0,2.315455999999349,2,False,0.6172
547,8848eba4a3fffff,0.5285524568393094,210.8,11.0,unknown,290114,12,33.482,-111.9624,Tier 3 — Top 50%,True,1.0,,1.0,29.00554887422534,31,False,0.6165
548,8848ebb5cdfffff,0.5219123505976095,211.2,24.4,unknown,129474,12,33.2794,-111.9067,Tier 3 — Top 50%,True,1.0,,1.0,8.838807999999965,9,False,0.6163
549,8848ebb541fffff,0.5219123505976095,211.3,30.3,unknown,107412,12,33.2383,-111.8661,Tier 3 — Top 50%,True,1.0,,1.0,4.263555999999951,4,False,0.6163
550,8848e978a3fffff,0.5219123505976095,211.1,24.3,unknown,34161,12,33.2382,-112.1437,Tier 3 — Top 50%,True,1.0,,1.0,4.252423999999581,4,False,0.6163
551,8848eba137fffff,0.5219123505976095,211.1,37.1,unknown,57515,12,33.3726,-111.685,Tier 3 — Top 50%,True,1.0,,1.0,3.2537595514820947,3,False,0.6163
552,8848ebb547fffff,0.5219123505976095,211.2,29.8,unknown,126680,12,33.2467,-111.8622,Tier 3 — Top 50%,True,1.0,,1.0,5.198643999999353,5,False,0.6163
554,8829b6c481fffff,0.5219123505976095,210.0,44.8,unknown,33466,12,33.7979,-112.3143,Tier 3 — Top 50%,True,1.0,,1.0,3.302516350354747,3,False,0.6163
558,8848e961a9fffff,0.5219123505976095,210.9,20.8,unknown,34278,12,33.3186,-112.2357,Tier 3 — Top 50%,True,1.0,,1.0,10.632440889711491,11,False,0.6163
560,8848ebb6b7fffff,0.5219123505976095,211.1,20.4,unknown,34291,12,33.2729,-112.0089,Tier 3 — Top 50%,True,1.0,,1.0,8.115227999999675,8,False,0.6163
562,8848eba243fffff,0.5219123505976095,211.3,33.4,unknown,126888,12,33.2556,-111.7986,Tier 3 — Top 50%,True,1.0,,1.0,6.189391999999812,6,False,0.6163
565,8848eba433fffff,0.5152722443559097,210.9,12.5,unknown,252064,12,33.4463,-111.9391,Tier 3 — Top 50%,True,1.0,,1.0,26.853260088789106,29,False,0.6155
567,8848e96113fffff,0.5112881806108898,211.0,23.7,unknown,34180,12,33.2868,-112.2403,Tier 3 — Top 50%,True,1.0,,1.0,9.662575999999627,10,False,0.6153
571,8848eba131fffff,0.5112881806108898,211.1,37.0,unknown,62702,12,33.3643,-111.6888,Tier 3 — Top 50%,True,1.0,,1.0,3.6073690177465645,3,False,0.6153
572,8848eb3509fffff,0.5112881806108898,210.6,43.5,unknown,33510,12,33.6613,-111.6805,Tier 3 — Top 50%,True,0.6696,tribal,1.0,2.825972334447308,3,False,0.6153
574,8848eba145fffff,0.5112881806108898,211.2,39.3,unknown,49555,12,33.3188,-111.6801,Tier 3 — Top 50%,True,1.0,,1.0,2.7999626984819432,3,False,0.6153
576,8848ebb0bdfffff,0.5112881806108898,211.3,34.5,unknown,90808,12,33.2306,-111.8101,Tier 3 — Top 50%,True,1.0,,1.0,3.4063919999999706,3,False,0.6153
577,8829b6cc51fffff,0.50265604249668,210.1,41.3,unknown,33582,12,33.8183,-112.1159,Tier 3 — Top 50%,True,1.0,,1.0,3.5288440000000807,3,False,0.6143
578,8848e96d45fffff,0.50265604249668,210.8,11.9,unknown,74060,12,33.4104,-112.1938,Tier 3 — Top 50%,True,1.0,,1.0,14.514750590313435,15,False,0.6143
580,8829b6ca9bfffff,0.50265604249668,210.3,33.2,unknown,33856,12,33.7449,-112.0303,Tier 3 — Top 50%,True,1.0,,1.0,11.69973200000002,12,False,0.6143
581,8848ebb44bfffff,0.50265604249668,211.2,27.2,unknown,42122,12,33.2265,-111.9509,Tier 3 — Top 50%,True,1.0,,1.0,2.949979999999848,3,False,0.6143
582,8829b6c4cdfffff,0.50265604249668,210.1,41.6,unknown,33572,12,33.7677,-112.3082,Tier 3 — Top 50%,True,1.0,,1.0,3.8681756421157676,4,False,0.6143
583,8848ebb549fffff,0.50265604249668,211.3,30.8,unknown,91065,12,33.23,-111.8699,Tier 3 — Top 50%,True,1.0,,1.0,3.3395999999993355,3,False,0.6143
584,8848e96047fffff,0.50265604249668,211.0,29.9,unknown,33968,12,33.2421,-112.2805,Tier 3 — Top 50%,True,1.0,,1.0,4.686571999999756,5,False,0.6143
586,8848e9788bfffff,0.50265604249668,211.1,27.2,unknown,34062,12,33.2185,-112.1725,Tier 3 — Top 50%,True,1.0,,1.0,2.0594199999995504,2,False,0.6143
587,8829b6ce19fffff,0.4946879150066401,210.2,36.9,unknown,33729,12,33.7752,-112.1456,Below threshold,True,1.0,,1.0,8.326736000000368,9,False,0.6136
589,8848e96a67fffff,0.4946879150066401,211.1,19.6,unknown,34321,12,33.2746,-112.1072,Below threshold,True,1.0,,1.0,8.30447199999963,9,False,0.6136
590,8848ebb185fffff,0.4946879150066401,211.3,40.2,unknown,42337,12,33.2257,-111.733,Below threshold,True,1.0,,1.0,2.8609240000000553,3,False,0.6136
592,8848e979dbfffff,0.4946879150066401,211.1,26.1,unknown,34099,12,33.2177,-112.1233,Below threshold,True,1.0,,1.0,1.9703639999997582,2,False,0.6136
593,8829b6c631fffff,0.4893758300132802,210.2,35.9,unknown,33763,12,33.7155,-112.2924,Below threshold,True,1.0,,1.0,5.333553813320795,5,False,0.613
595,8848eb35e9fffff,0.4893758300132802,210.5,44.0,unknown,33490,12,33.697,-111.7038,Below threshold,True,0.8877,protected,1.0,4.982760532289979,5,False,0.613
596,8848e96109fffff,0.4893758300132802,211.0,24.7,unknown,34146,12,33.2595,-112.2132,Below threshold,True,1.0,,1.0,6.623539999999987,7,False,0.613
598,8848e96851fffff,0.4893758300132802,211.0,14.8,unknown,41856,12,33.3254,-112.1335,Below threshold,True,0.8689,protected,1.0,13.959527999999896,15,False,0.613
601,8829b6d0cbfffff,0.4860557768924303,210.6,11.7,unknown,77185,12,33.524,-112.1617,Below threshold,True,1.0,,1.0,17.474696620285883,18,False,0.6127
602,8829b6c663fffff,0.4800796812749004,210.2,32.4,unknown,42979,12,33.6867,-112.2758,Below threshold,True,1.0,,1.0,6.87295811672423,7,False,0.6122
603,8848eba307fffff,0.4800796812749004,211.2,37.8,unknown,57851,12,33.2909,-111.7128,Below threshold,True,1.0,,1.0,5.843651861502364,6,False,0.6122
604,8829b6c501fffff,0.4800796812749004,210.2,36.4,unknown,33747,12,33.7609,-112.192,Below threshold,True,1.0,,1.0,9.918612000000216,10,False,0.6122
605,8848e979d1fffff,0.4800796812749004,211.1,25.7,unknown,34110,12,33.2192,-112.1127,Below threshold,True,1.0,,1.0,2.1373439999997643,2,False,0.6122
606,8848ebb0a3fffff,0.4800796812749004,211.3,35.1,unknown,87550,12,33.232,-111.7995,Below threshold,True,1.0,,1.0,3.5622399999996075,3,False,0.6122
612,8848e96b49fffff,0.4800796812749004,211.1,21.3,unknown,34262,12,33.2571,-112.0657,Below threshold,True,1.0,,1.0,6.356371999999818,6,False,0.6122
616,8829b6ce1dfffff,0.4800796812749004,210.2,36.9,unknown,33729,12,33.7767,-112.135,Below threshold,True,1.0,,1.0,8.159756000000362,8,False,0.6122
618,8848eba115fffff,0.4800796812749004,211.1,36.0,unknown,79560,12,33.3545,-111.7033,Below threshold,True,1.0,,1.0,4.9560417854260574,5,False,0.6122
619,8848eba123fffff,0.46879150066401065,211.2,38.7,unknown,48439,12,33.3589,-111.6714,Below threshold,True,1.0,,1.0,1.9897548346141924,2,False,0.6111
620,8848e979e3fffff,0.46879150066401065,211.2,24.8,unknown,34141,12,33.2252,-112.0704,Below threshold,True,1.0,,1.0,2.8052639999997897,3,False,0.6111
621,8848e961abfffff,0.46879150066401065,210.9,20.8,unknown,34280,12,33.3255,-112.2425,Below threshold,True,1.0,,1.0,9.999098039880781,10,False,0.6111
622,8848e96e57fffff,0.46879150066401065,210.8,25.3,unknown,50358,12,33.3603,-112.3257,Below threshold,True,1.0,,1.0,2.2593581619942062,2,False,0.6111
624,8848e96b41fffff,0.46879150066401065,211.1,20.4,unknown,34293,12,33.2654,-112.0619,Below threshold,True,1.0,,1.0,7.280327999999643,7,False,0.6111
625,8829b6ca99fffff,0.46879150066401065,210.3,32.5,unknown,33878,12,33.738,-112.0235,Below threshold,True,1.0,,1.0,12.467840000000209,13,False,0.6111
626,8848e96043fffff,0.46879150066401065,211.0,30.7,unknown,33942,12,33.2405,-112.2911,Below threshold,True,1.0,,1.0,4.5084599999993795,4,False,0.6111
627,8848eba001fffff,0.46879150066401065,211.2,31.6,unknown,170438,12,33.3305,-111.7641,Below threshold,True,1.0,,1.0,10.612387148952335,11,False,0.6111
628,8829b6c517fffff,0.46879150066401065,210.1,39.2,unknown,33654,12,33.7813,-112.2125,Below threshold,True,1.0,,1.0,7.647683999999973,8,False,0.6111
630,8848e96183fffff,0.46082337317397076,210.9,22.5,unknown,34220,12,33.3224,-112.2637,Below threshold,True,1.0,,1.0,8.02746844649829,8,False,0.6104
631,8848ebb42dfffff,0.46082337317397076,211.2,26.4,unknown,99966,12,33.2559,-111.9076,Below threshold,True,1.0,,1.0,6.222787999999339,6,False,0.6104
635,8829b6ce01fffff,0.46082337317397076,210.2,36.1,unknown,33756,12,33.7714,-112.1175,Below threshold,True,1.0,,1.0,8.749752000000173,9,False,0.6104
637,8829b6da19fffff,0.4581673306772908,210.7,12.1,unknown,171235,12,33.526,-111.9819,Below threshold,True,1.0,,1.0,30.800412543916508,33,False,0.6103
638,8829b6ce89fffff,0.4535192563081009,210.1,41.2,unknown,33584,12,33.8108,-112.1691,Below threshold,True,1.0,,1.0,4.363744000000112,4,False,0.6098
639,8848ebb55bfffff,0.4535192563081009,211.2,27.4,unknown,98255,12,33.2491,-111.9008,Below threshold,True,1.0,,1.0,5.465811999999521,5,False,0.6098
641,8848ebb1a1fffff,0.4535192563081009,211.3,40.6,unknown,39706,12,33.2355,-111.7185,Below threshold,True,1.0,,1.0,3.951859999999886,4,False,0.6098
643,8848eba11bfffff,0.4535192563081009,211.1,34.2,unknown,110534,12,33.3516,-111.7245,Below threshold,True,1.0,,1.0,6.92753121635863,7,False,0.6098
644,8848e96f4bfffff,0.4535192563081009,210.9,19.1,unknown,34337,12,33.349,-112.2417,Below threshold,True,1.0,,1.0,10.070792449444182,10,False,0.6098
645,8829b6c665fffff,0.4535192563081009,210.3,31.0,unknown,49191,12,33.6815,-112.2583,Below threshold,True,1.0,,1.0,8.49445262782757,9,False,0.6098
649,8848ebb19bfffff,0.4448871181938911,211.3,36.3,unknown,77485,12,33.235,-111.7783,Below threshold,True,1.0,,1.0,3.89619999999962,4,False,0.609
650,8848e97997fffff,0.4448871181938911,211.1,22.2,unknown,34232,12,33.251,-112.1081,Below threshold,True,1.0,,1.0,5.6773199999994235,6,False,0.609
651,8848e96327fffff,0.4448871181938911,211.1,27.3,unknown,34055,12,33.2291,-112.2072,Below threshold,True,1.0,,1.0,3.239411999999964,3,False,0.609
652,8829b6c6adfffff,0.4448871181938911,210.1,39.4,unknown,33645,12,33.7442,-112.309,Below threshold,True,1.0,,1.0,3.7951837529858463,4,False,0.609
654,8848ebbab3fffff,0.4448871181938911,211.3,42.3,unknown,33549,12,33.2649,-111.6752,Below threshold,True,1.0,,1.0,2.3456033763395694,2,False,0.609
655,8848e978a5fffff,0.4448871181938911,211.1,24.5,unknown,34154,12,33.2329,-112.1263,Below threshold,True,1.0,,1.0,3.6624279999997693,3,False,0.609
658,8829b6c465fffff,0.4448871181938911,210.2,35.5,unknown,33777,12,33.7397,-112.2316,Below threshold,True,1.0,,1.0,10.960325147777064,11,False,0.609
659,8829b6c537fffff,0.4342629482071713,210.1,39.7,unknown,33637,12,33.7926,-112.1874,Below threshold,True,1.0,,1.0,6.389768000000136,6,False,0.608
660,8848ebb1d3fffff,0.4342629482071713,211.3,37.6,unknown,59873,12,33.2198,-111.7754,Below threshold,True,1.0,,1.0,2.204135999999609,2,False,0.608
661,8829b6c0a7fffff,0.4342629482071713,210.3,31.9,unknown,33901,12,33.7329,-112.1154,Below threshold,True,1.0,,1.0,13.035572000000071,14,False,0.608
663,8829b6c469fffff,0.4342629482071713,210.2,35.1,unknown,33791,12,33.7299,-112.246,Below threshold,True,1.0,,1.0,9.628412335486129,10,False,0.608
665,8848eba149fffff,0.4342629482071713,211.2,38.5,unknown,56298,12,33.309,-111.6945,Below threshold,True,1.0,,1.0,4.13994509518983,4,False,0.608
667,8848ebb6ddfffff,0.4342629482071713,211.2,25.4,unknown,34122,12,33.2229,-112.0318,Below threshold,True,1.0,,1.0,2.549227999999991,2,False,0.608
668,8848ebb6c5fffff,0.4342629482071713,211.2,26.3,unknown,34090,12,33.219,-112.0038,Below threshold,True,1.0,,1.0,2.1150799999998164,2,False,0.608
670,8829b6cf69fffff,0.4342629482071713,210.3,35.1,unknown,33790,12,33.7615,-112.0226,Below threshold,True,1.0,,1.0,9.851820000000373,10,False,0.608
672,8829b6cf07fffff,0.4342629482071713,210.2,38.1,unknown,33689,12,33.7903,-112.0392,Below threshold,True,1.0,,1.0,6.645803999999935,7,False,0.608
673,8829b6d297fffff,0.42762284196547146,210.6,13.4,unknown,73466,12,33.5111,-112.1973,Below threshold,True,1.0,,1.0,14.173043633353648,15,False,0.6075
674,8829b6ce9dfffff,0.4256308100929615,210.1,43.0,unknown,33525,12,33.8244,-112.1827,Below threshold,True,1.0,,1.0,2.849792000000477,3,False,0.6073
675,8848e96d43fffff,0.4256308100929615,210.8,13.2,unknown,56570,12,33.4157,-112.2112,Below threshold,True,1.0,,1.0,12.897083502663703,13,False,0.6073
677,8829b6c189fffff,0.41899070385126164,210.3,29.7,unknown,33975,12,33.7154,-112.0737,Below threshold,True,1.0,,1.0,14.983671999999881,16,False,0.6068
679,8848e961e1fffff,0.41899070385126164,210.9,21.8,unknown,34243,12,33.3035,-112.2327,Below threshold,True,1.0,,1.0,10.913397499638501,11,False,0.6068
680,8829b6c553fffff,0.41899070385126164,210.2,37.0,unknown,33729,12,33.7564,-112.224,Below threshold,True,1.0,,1.0,10.419552000000236,11,False,0.6068
682,8848ebb465fffff,0.41899070385126164,211.2,27.9,unknown,84021,12,33.2407,-111.9046,Below threshold,True,1.0,,1.0,4.530723999999328,4,False,0.6068
683,8848e961e9fffff,0.41899070385126164,210.9,22.8,unknown,34211,12,33.2951,-112.2365,Below threshold,True,1.0,,1.0,10.560868770324024,11,False,0.6068
685,8848eba10bfffff,0.41899070385126164,211.2,36.7,unknown,74375,12,33.3393,-111.7004,Below threshold,True,1.0,,1.0,4.6872066730877275,5,False,0.6068
686,8848e979d5fffff,0.41899070385126164,211.2,25.5,unknown,34119,12,33.2207,-112.1022,Below threshold,True,1.0,,1.0,2.3043239999997707,2,False,0.6068
687,8848e96141fffff,0.41899070385126164,211.0,26.0,unknown,34101,12,33.2443,-112.2102,Below threshold,True,1.0,,1.0,4.931475999999976,5,False,0.6068
689,8829b6c51bfffff,0.4110225763612218,210.1,38.6,unknown,33673,12,33.7715,-112.2269,Below threshold,True,1.0,,1.0,8.738619999999804,9,False,0.6061
691,8829b6c653fffff,0.4110225763612218,210.2,35.3,unknown,33784,12,33.6875,-112.3251,Below threshold,True,1.0,,1.0,2.3064024835607206,2,False,0.6061
693,8848eba333fffff,0.4110225763612218,211.2,35.9,unknown,84466,12,33.3129,-111.7225,Below threshold,True,1.0,,1.0,6.744552672324076,7,False,0.6061
694,8829b6cc55fffff,0.4110225763612218,210.1,41.4,unknown,33579,12,33.8198,-112.1052,Below threshold,True,1.0,,1.0,3.3618640000000743,3,False,0.6061
695,8829b6c583fffff,0.4077025232403719,210.0,43.8,unknown,33498,12,33.8153,-112.2466,Below threshold,True,1.0,,1.0,3.8628040000000934,4,False,0.6053
696,8848ebb1e7fffff,0.40039840637450197,211.4,41.9,unknown,33564,12,33.2203,-111.7156,Below threshold,True,1.0,,1.0,2.2597959999998745,2,False,0.6052
699,8829b6c505fffff,0.40039840637450197,210.2,36.3,unknown,33751,12,33.7624,-112.1814,Below threshold,True,1.0,,1.0,9.75163200000021,10,False,0.6052
700,8848e96f35fffff,0.40039840637450197,210.8,14.5,unknown,43816,12,33.399,-112.2189,Below threshold,True,1.0,,1.0,12.183953341991932,13,False,0.6052
701,8848ebb6a9fffff,0.40039840637450197,211.2,24.0,unknown,34171,12,33.244,-111.9924,Below threshold,True,1.0,,1.0,4.898079999999658,5,False,0.6052
702,8848ebb51bfffff,0.40039840637450197,211.2,25.4,unknown,132980,12,33.2726,-111.8999,Below threshold,True,1.0,,1.0,8.081831999999357,8,False,0.6052
704,8829b6c5a5fffff,0.40039840637450197,210.0,43.2,unknown,33519,12,33.8214,-112.204,Below threshold,True,1.0,,1.0,3.1837520000004895,3,False,0.6052
705,8848ebb6edfffff,0.40039840637450197,211.2,26.6,unknown,34081,12,33.222,-111.9827,Below threshold,True,1.0,,1.0,2.449039999999829,2,False,0.6052
706,8848e96e45fffff,0.40039840637450197,210.8,23.7,unknown,34180,12,33.3414,-112.2947,Below threshold,True,1.0,,1.0,5.1427833135927,5,False,0.6052
707,8829b6d4a1fffff,0.40039840637450197,210.3,30.0,unknown,69811,12,33.6451,-112.2948,Below threshold,True,1.0,,1.0,5.115509467659204,5,False,0.6052
708,8848e968c7fffff,0.40039840637450197,210.9,11.4,unknown,81045,12,33.3694,-112.1531,Below threshold,True,1.0,,1.0,18.305394962716246,19,False,0.6052
709,8848eba457fffff,0.39243027888446214,210.9,11.8,unknown,277754,12,33.413,-111.9545,Below threshold,True,1.0,,1.0,23.711159999999314,25,False,0.6051
710,8848e96899fffff,0.39243027888446214,210.8,12.2,unknown,69691,12,33.3884,-112.1841,Below threshold,True,1.0,,1.0,15.420018249574422,16,False,0.6051
712,8829b6c71bfffff,0.3904382470119522,210.2,33.8,unknown,33835,12,33.7132,-112.2537,Below threshold,True,1.0,,1.0,8.917274139193745,9,False,0.6042
721,8848eba637fffff,0.3891102257636122,210.9,12.8,unknown,155686,12,33.3895,-111.9553,Below threshold,True,1.0,,1.0,21.09513999999948,22,False,0.6036
726,8848e96e4dfffff,0.3857901726427623,210.8,24.5,unknown,34153,12,33.3331,-112.2985,Below threshold,True,1.0,,1.0,4.789847742522891,5,False,0.6033
728,8829b6cf49fffff,0.3857901726427623,210.3,33.6,unknown,33841,12,33.7502,-112.0477,Below threshold,True,1.0,,1.0,11.10973600000021,12,False,0.6033
730,8829b6c5e5fffff,0.3857901726427623,210.1,40.7,unknown,33602,12,33.7979,-112.2048,Below threshold,True,1.0,,1.0,5.799772000000325,6,False,0.6033
731,8829b6d76dfffff,0.3857901726427623,210.6,13.6,unknown,80604,12,33.5194,-112.1935,Below threshold,True,1.0,,1.0,14.524351939185518,15,False,0.6033
732,8829b6d2abfffff,0.3798140770252324,210.6,10.0,unknown,107275,12,33.5005,-112.1625,Below threshold,True,1.0,,1.0,17.405181286810073,18,False,0.6027
733,8848eba6e1fffff,0.3798140770252324,210.9,10.4,unknown,117255,12,33.3934,-111.9833,Below threshold,True,1.0,,1.0,21.529287999999653,23,False,0.6027
734,8848eba223fffff,0.3798140770252324,211.2,33.0,unknown,132725,12,33.2904,-111.7727,Below threshold,True,1.0,,1.0,10.063327999999485,10,False,0.6027
736,8848eba305fffff,0.3798140770252324,211.3,38.8,unknown,49108,12,33.284,-111.7061,Below threshold,True,1.0,,1.0,5.22061769717156,5,False,0.6027
737,8829b6cad3fffff,0.3798140770252324,210.3,31.6,unknown,33911,12,33.7297,-112.0273,Below threshold,True,1.0,,1.0,13.391796000000031,14,False,0.6027
738,8848ebba9dfffff,0.3758300132802125,211.3,42.8,unknown,33532,12,33.2399,-111.6867,Below threshold,True,1.0,,1.0,3.4169950716471513,3,False,0.6021
739,8848ebb097fffff,0.3691899070385126,211.3,32.3,unknown,105734,12,33.2345,-111.8381,Below threshold,True,1.0,,1.0,3.840539999999354,4,False,0.6019
740,8848e96f5bfffff,0.3691899070385126,210.8,20.3,unknown,34296,12,33.3611,-112.2659,Below threshold,True,1.0,,1.0,7.819352866885586,8,False,0.6019
741,8848eb3557fffff,0.3691899070385126,210.6,42.5,unknown,33543,12,33.6667,-111.698,Below threshold,True,1.0,,1.0,4.4471527143577125,4,False,0.6019
742,8829b6ce0dfffff,0.3691899070385126,210.2,35.3,unknown,33784,12,33.7646,-112.1107,Below threshold,True,1.0,,1.0,9.50672799999999,10,False,0.6019
745,8848eba111fffff,0.3691899070385126,211.1,35.1,unknown,93806,12,33.3531,-111.7139,Below threshold,True,1.0,,1.0,5.941766671662517,6,False,0.6019
746,8848ebb0a9fffff,0.3691899070385126,211.3,36.4,unknown,66451,12,33.2168,-111.7966,Below threshold,True,1.0,,1.0,1.8701759999995962,2,False,0.6019
747,8829b6c567fffff,0.3691899070385126,210.2,35.3,unknown,33784,12,33.7571,-112.1639,Below threshold,True,1.0,,1.0,10.341628000000021,11,False,0.6019
748,8829b6ce05fffff,0.3691899070385126,210.2,36.2,unknown,33754,12,33.7729,-112.1069,Below threshold,True,1.0,,1.0,8.582772000000167,9,False,0.6019
749,8829b6c731fffff,0.3691899070385126,210.2,33.6,unknown,33841,12,33.7261,-112.218,Below threshold,True,1.0,,1.0,12.221218319776822,13,False,0.6019
750,8829b6d0d9fffff,0.36254980079681276,210.6,13.3,unknown,81349,12,33.5293,-112.1791,Below threshold,True,1.0,,1.0,15.858962433181903,17,False,0.6012
752,8829b6ce5bfffff,0.35723771580345287,210.2,35.3,unknown,33786,12,33.7586,-112.1533,Below threshold,True,1.0,,1.0,10.174648000000015,11,False,0.6008
753,8829b6ca2dfffff,0.35723771580345287,210.4,30.7,unknown,33941,12,33.6909,-111.9158,Below threshold,True,1.0,,1.0,17.71101200000025,19,False,0.6008
754,8829b6c643fffff,0.35723771580345287,210.2,32.8,unknown,44607,12,33.6754,-112.3008,Below threshold,True,1.0,,1.0,4.557870451525586,4,False,0.6008
755,8829b6ca8bfffff,0.35723771580345287,210.3,32.2,unknown,33889,12,33.7327,-112.006,Below threshold,True,1.0,,1.0,13.05783600000002,14,False,0.6008
756,8829b6cd41fffff,0.35723771580345287,210.2,41.3,unknown,33583,12,33.8167,-112.017,Below threshold,True,1.0,,1.0,3.7069560000004564,4,False,0.6008
757,8829b6c701fffff,0.35723771580345287,210.2,31.3,unknown,35419,12,33.7026,-112.2188,Below threshold,True,1.0,,1.0,12.150475290834919,13,False,0.6008
758,8829b6c1e5fffff,0.35723771580345287,210.3,29.7,unknown,33976,12,33.7131,-112.035,Below threshold,True,1.0,,1.0,15.239708000000471,16,False,0.6008
762,8848ebb8d3fffff,0.34794156706507307,211.3,41.2,unknown,35268,12,33.2884,-111.6742,Below threshold,True,1.0,,1.0,2.2519176232684193,2,False,0.5997
763,8829b6ce9bfffff,0.34794156706507307,210.0,44.0,unknown,33493,12,33.8297,-112.2002,Below threshold,True,1.0,,1.0,2.2597959999998745,2,False,0.5997
764,8848e978a1fffff,0.34794156706507307,211.1,24.8,unknown,34141,12,33.2314,-112.1369,Below threshold,True,1.0,,1.0,3.495447999999763,3,False,0.5997
767,8829b6ce47fffff,0.34794156706507307,210.2,34.4,unknown,33814,12,33.7563,-112.1146,Below threshold,True,1.0,,1.0,10.430683999999815,11,False,0.5997
770,8848eb3427fffff,0.34794156706507307,210.6,41.5,unknown,33577,12,33.6789,-111.7222,Below threshold,True,1.0,,1.0,6.688309998388548,7,False,0.5997
771,8848ebb443fffff,0.34794156706507307,211.2,26.5,unknown,48684,12,33.2348,-111.947,Below threshold,True,1.0,,1.0,3.873935999999672,4,False,0.5997
772,8829b6caddfffff,0.34794156706507307,210.3,30.3,unknown,33955,12,33.7161,-112.0137,Below threshold,True,1.0,,1.0,14.90574800000046,16,False,0.5997
774,8848eba157fffff,0.3386454183266932,211.2,35.9,unknown,86892,12,33.3379,-111.711,Below threshold,True,1.0,,1.0,5.673099265862073,6,False,0.5986
775,8848ebb56dfffff,0.3386454183266932,211.3,31.9,unknown,122883,12,33.2428,-111.8343,Below threshold,True,1.0,,1.0,4.764495999999969,5,False,0.5986
777,8848e979a7fffff,0.3386454183266932,211.1,22.1,unknown,34235,12,33.2502,-112.0589,Below threshold,True,1.0,,1.0,5.588263999999631,6,False,0.5986
778,8829b6ce87fffff,0.3386454183266932,210.1,42.9,unknown,33528,12,33.8274,-112.1614,Below threshold,True,1.0,,1.0,2.515832000000464,2,False,0.5986
781,8829b6c1b5fffff,0.3386454183266932,210.3,33.4,unknown,33848,12,33.7487,-112.0584,Below threshold,True,1.0,,1.0,11.276716000000215,12,False,0.5986
783,8848eba11dfffff,0.3386454183266932,211.2,35.9,unknown,83976,12,33.3462,-111.7071,Below threshold,True,1.0,,1.0,5.30988681509035,5,False,0.5986
784,8848e979bbfffff,0.3386454183266932,211.1,21.9,unknown,34242,12,33.2526,-112.0975,Below threshold,True,1.0,,1.0,5.8554319999998,6,False,0.5986
786,8829b6d1e3fffff,0.3333333333333333,210.6,11.8,unknown,74819,12,33.5542,-112.0584,Below threshold,True,1.0,,1.0,27.05173385107852,29,False,0.5977
788,8848ebb739fffff,0.32669322709163345,211.3,30.5,unknown,64680,12,33.2187,-111.8949,Below threshold,True,1.0,,1.0,2.0816839999994987,2,False,0.5975
790,8829b6cf23fffff,0.32669322709163345,210.2,39.4,unknown,33648,12,33.8001,-112.0247,Below threshold,True,1.0,,1.0,5.554868000000105,6,False,0.5975
791,8848e96b61fffff,0.32669322709163345,211.1,19.4,unknown,34327,12,33.2767,-112.0369,Below threshold,True,1.0,,1.0,8.53824399999948,9,False,0.5975
793,8829b6c709fffff,0.32669322709163345,210.3,30.6,unknown,40628,12,33.6943,-112.2226,Below threshold,True,1.0,,1.0,11.799695897465183,12,False,0.5975
794,8848ebb40dfffff,0.32669322709163345,211.2,26.2,unknown,64954,12,33.2446,-111.9326,Below threshold,True,1.0,,1.0,4.964871999999502,5,False,0.5975
795,8848eba009fffff,0.32669322709163345,211.2,31.7,unknown,155889,12,33.3222,-111.7679,Below threshold,True,1.0,,1.0,10.966867923602475,11,False,0.5975
796,8848eba263fffff,0.32669322709163345,211.3,34.4,unknown,111436,12,33.2668,-111.7736,Below threshold,True,1.0,,1.0,7.436176000000071,8,False,0.5975
797,8829b6c615fffff,0.32669322709163345,210.2,35.8,unknown,33767,12,33.7056,-112.3068,Below threshold,True,1.0,,1.0,4.0006265295336,4,False,0.5975
798,8848e961cdfffff,0.32669322709163345,211.0,24.5,unknown,34153,12,33.2853,-112.2509,Below threshold,True,1.0,,1.0,9.222023307126804,10,False,0.5975
800,8848eba361fffff,0.3193891102257636,211.3,40.6,unknown,36332,12,33.2703,-111.6925,Below threshold,True,1.0,,1.0,3.9556341139849334,4,False,0.5968
802,8829b6c60dfffff,0.3193891102257636,210.2,32.9,unknown,42000,12,33.6852,-112.2864,Below threshold,True,1.0,,1.0,5.891209761293558,6,False,0.5968
803,8848eba4abfffff,0.31739707835325365,210.8,10.4,unknown,250399,12,33.4737,-111.9663,Below threshold,True,1.0,,1.0,29.370467605745834,31,False,0.5964
804,8829b6c5c3fffff,0.31341301460823373,210.1,41.4,unknown,33578,12,33.7919,-112.2474,Below threshold,True,1.0,,1.0,6.46769200000035,7,False,0.5962
805,8848e979e7fffff,0.31341301460823373,211.2,24.7,unknown,34146,12,33.2267,-112.0598,Below threshold,True,1.0,,1.0,2.972243999999796,3,False,0.5962
808,8848e96b69fffff,0.31341301460823373,211.1,20.3,unknown,34298,12,33.2684,-112.0407,Below threshold,True,1.0,,1.0,7.6142879999996556,8,False,0.5962
809,8829b6c1bdfffff,0.31341301460823373,210.3,32.5,unknown,33880,12,33.7404,-112.0622,Below threshold,True,1.0,,1.0,12.20067200000004,13,False,0.5962
811,8829b6ce23fffff,0.31341301460823373,210.2,38.0,unknown,33693,12,33.7896,-112.0992,Below threshold,True,1.0,,1.0,6.723728000000149,7,False,0.5962
813,8829b6c18bfffff,0.30677290836653387,210.3,30.5,unknown,33949,12,33.7222,-112.0805,Below threshold,True,1.0,,1.0,14.226696000000064,15,False,0.5954
814,8829b6c1b3fffff,0.30677290836653387,210.2,34.0,unknown,33829,12,33.754,-112.0758,Below threshold,True,1.0,,1.0,10.686720000000404,11,False,0.5954
815,8848ebb455fffff,0.30677290836653387,211.2,25.6,unknown,48282,12,33.2416,-111.9538,Below threshold,True,1.0,,1.0,4.63091199999949,5,False,0.5954
818,8829b6c511fffff,0.30677290836653387,210.1,38.4,unknown,33679,12,33.773,-112.2163,Below threshold,True,1.0,,1.0,8.571639999999798,9,False,0.5954
819,8829b6cecdfffff,0.30677290836653387,210.1,38.7,unknown,33671,12,33.7889,-112.1593,Below threshold,True,1.0,,1.0,6.801652000000363,7,False,0.5954
823,8848e96a47fffff,0.300796812749004,211.1,21.3,unknown,34262,12,33.2632,-112.1323,Below threshold,True,1.0,,1.0,7.035423999999423,7,False,0.5946
824,8829b6c58bfffff,0.300796812749004,210.0,43.1,unknown,33522,12,33.807,-112.2504,Below threshold,True,1.0,,1.0,4.7867599999999175,5,False,0.5946
825,8829b6ce07fffff,0.300796812749004,210.2,37.0,unknown,33726,12,33.7798,-112.1137,Below threshold,True,1.0,,1.0,7.814663999999979,8,False,0.5946
828,8848e96a29fffff,0.300796812749004,211.0,18.9,unknown,34343,12,33.2814,-112.114,Below threshold,True,1.0,,1.0,9.061447999999446,9,False,0.5946
830,8829b6d081fffff,0.29747675962815406,210.6,13.2,unknown,70995,12,33.549,-112.1502,Below threshold,True,1.0,,1.0,18.536562921574095,20,False,0.5941
834,8848ebb46bfffff,0.29349269588313415,211.2,27.2,unknown,64599,12,33.2378,-111.9258,Below threshold,True,1.0,,1.0,4.2078959999996846,4,False,0.5938
836,8848e96227fffff,0.29349269588313415,211.1,32.0,unknown,33897,12,33.2186,-112.2813,Below threshold,True,1.0,,1.0,2.0705519999999202,2,False,0.5938
837,8848ebb095fffff,0.29349269588313415,211.3,33.3,unknown,92450,12,33.2276,-111.8313,Below threshold,True,1.0,,1.0,3.072431999999958,3,False,0.5938
838,8829b6cf43fffff,0.29349269588313415,210.2,35.3,unknown,33785,12,33.7653,-112.0507,Below threshold,True,1.0,,1.0,9.428803999999777,10,False,0.5938
839,8848eba353fffff,0.29349269588313415,211.3,35.7,unknown,86719,12,33.2781,-111.7485,Below threshold,True,1.0,,1.0,8.694091999999907,9,False,0.5938
841,8848eb3519fffff,0.28818061088977426,210.6,42.4,unknown,33546,12,33.6735,-111.7048,Below threshold,True,1.0,,1.0,5.076764621220782,5,False,0.593
842,8829b6ce29fffff,0.28818061088977426,210.2,36.3,unknown,33751,12,33.7744,-112.0963,Below threshold,True,1.0,,1.0,8.41579200000016,9,False,0.593
843,8848eba015fffff,0.28818061088977426,211.1,29.9,unknown,236565,12,33.3442,-111.7776,Below threshold,True,1.0,,1.0,11.86614921344499,12,False,0.593
849,8848eb3515fffff,0.28286852589641437,210.6,44.1,unknown,33488,12,33.6833,-111.6902,Below threshold,True,1.0,,1.0,3.723771493016199,4,False,0.5923
850,8848e96a19fffff,0.28286852589641437,211.0,20.3,unknown,34298,12,33.2822,-112.1632,Below threshold,True,1.0,,1.0,9.15050400000003,9,False,0.5923
851,8848e96195fffff,0.28286852589641437,210.9,22.5,unknown,34219,12,33.3293,-112.2705,Below threshold,True,1.0,,1.0,7.394359322591576,8,False,0.5923
852,8848e979a9fffff,0.28286852589641437,211.2,23.9,unknown,34173,12,33.2335,-112.0666,Below threshold,True,1.0,,1.0,3.729219999999614,4,False,0.5923
854,8848eba14bfffff,0.28286852589641437,211.2,37.6,unknown,65549,12,33.3158,-111.7013,Below threshold,True,1.0,,1.0,4.772193689651668,5,False,0.5923
855,8848e96889fffff,0.2742363877822045,210.9,11.3,unknown,83295,12,33.3762,-112.1599,Below threshold,True,1.0,,1.0,17.671831145444468,19,False,0.5916
856,8829b6da5dfffff,0.2742363877822045,210.7,11.3,unknown,248321,12,33.504,-111.9722,Below threshold,True,1.0,,1.0,29.907854152648788,32,False,0.5916
857,8829b6c1e7fffff,0.2742363877822045,210.3,30.3,unknown,33953,12,33.7199,-112.0418,Below threshold,True,1.0,,1.0,14.482731999999862,15,False,0.5916
859,8848e978d7fffff,0.2742363877822045,211.1,27.7,unknown,34044,12,33.217,-112.1831,Below threshold,True,1.0,,1.0,1.8924399999995443,2,False,0.5916
861,8848ebb469fffff,0.2742363877822045,211.2,28.1,unknown,63305,12,33.2309,-111.9191,Below threshold,True,1.0,,1.0,3.4397879999994974,3,False,0.5916
862,8829b6ca67fffff,0.2742363877822045,210.5,29.7,unknown,33975,12,33.6826,-111.9197,Below threshold,True,1.0,,1.0,18.63496800000007,20,False,0.5916
863,8829b6c727fffff,0.2742363877822045,210.2,32.3,unknown,33887,12,33.7223,-112.1899,Below threshold,True,1.0,,1.0,14.215564000000485,15,False,0.5916
864,8848eba12bfffff,0.2742363877822045,211.2,38.6,unknown,51568,12,33.3506,-111.6753,Below threshold,True,1.0,,1.0,2.3525980277329315,2,False,0.5916
866,8848e9619dfffff,0.26228419654714474,210.9,23.4,unknown,34190,12,33.3209,-112.2743,Below threshold,True,1.0,,1.0,7.04159699145638,7,False,0.5905
867,8848e961edfffff,0.26228419654714474,211.0,22.0,unknown,34238,12,33.2967,-112.226,Below threshold,True,1.0,,1.0,10.764643999999826,11,False,0.5905
868,8829b6c44dfffff,0.26228419654714474,210.2,34.8,unknown,33802,12,33.72,-112.2605,Below threshold,True,1.0,,1.0,8.286945253939288,8,False,0.5905
869,8829b6ca9dfffff,0.26228419654714474,210.3,32.9,unknown,33867,12,33.7395,-112.0128,Below threshold,True,1.0,,1.0,12.3008600000002,13,False,0.5905
871,8829b6c0a5fffff,0.26228419654714474,210.3,31.0,unknown,33929,12,33.726,-112.1086,Below threshold,True,1.0,,1.0,13.80368000000026,14,False,0.5905
872,8848e96e0bfffff,0.26228419654714474,210.8,24.4,unknown,48516,12,33.3619,-112.3151,Below threshold,True,1.0,,1.0,3.2448621436649243,3,False,0.5905
874,8829b6d64bfffff,0.26228419654714474,210.5,22.7,unknown,52108,12,33.5028,-112.3103,Below threshold,True,1.0,,1.0,3.685159129797664,3,False,0.5905
876,8829b6c547fffff,0.26228419654714474,210.2,34.7,unknown,33804,12,33.7458,-112.189,Below threshold,True,1.0,,1.0,11.59954399999986,12,False,0.5905
878,8829b6c1adfffff,0.26228419654714474,210.3,31.3,unknown,33921,12,33.7282,-112.0379,Below threshold,True,1.0,,1.0,13.558776000000039,14,False,0.5905
881,8848e97987fffff,0.26228419654714474,211.1,23.3,unknown,34193,12,33.2389,-112.0839,Below threshold,True,1.0,,1.0,4.330347999999795,4,False,0.5905
882,8848e9689bfffff,0.2549800796812749,210.8,12.4,unknown,67614,12,33.3952,-112.1909,Below threshold,True,1.0,,1.0,14.786817250693781,16,False,0.59
883,8848ebbad1fffff,0.2536520584329349,211.4,43.2,unknown,33517,12,33.2232,-111.6944,Below threshold,True,1.0,,1.0,2.5826239999995177,2,False,0.5898
884,8848e96b4bfffff,0.250332005312085,211.1,20.5,unknown,34289,12,33.2639,-112.0725,Below threshold,True,1.0,,1.0,7.113347999999636,7,False,0.5894
885,8829b6c0bbfffff,0.250332005312085,210.2,32.7,unknown,33872,12,33.7352,-112.1541,Below threshold,True,1.0,,1.0,12.779536000000272,13,False,0.5894
888,8848e96f6dfffff,0.250332005312085,210.9,15.6,unknown,35384,12,33.355,-112.1993,Below threshold,True,1.0,,1.0,14.012592998393595,15,False,0.5894
889,8848eba343fffff,0.250332005312085,211.3,38.3,unknown,56363,12,33.2659,-111.7244,Below threshold,True,1.0,,1.0,6.9250354408838355,7,False,0.5894
890,8848ebb191fffff,0.24435590969455512,211.3,36.9,unknown,71377,12,33.2365,-111.7677,Below threshold,True,1.0,,1.0,4.063179999999626,4,False,0.5887
891,8848e96a33fffff,0.24435590969455512,211.0,16.7,unknown,34419,12,33.3087,-112.1412,Below threshold,True,1.0,,1.0,12.100483999999877,13,False,0.5887
892,8829b6c19bfffff,0.24435590969455512,210.3,31.9,unknown,33899,12,33.7344,-112.1048,Below threshold,True,1.0,,1.0,12.868592000000065,13,False,0.5887
893,8829b6cee9fffff,0.24435590969455512,210.1,39.5,unknown,33643,12,33.7987,-112.1448,Below threshold,True,1.0,,1.0,5.710716000000533,6,False,0.5887
895,8848eba259fffff,0.24435590969455512,211.3,32.1,unknown,140312,12,33.2526,-111.8198,Below threshold,True,1.0,,1.0,5.8554319999998,6,False,0.5887
896,8829b6d0c1fffff,0.2403718459495352,210.6,11.2,unknown,85882,12,33.5255,-112.151,Below threshold,True,1.0,,1.0,18.467362259439025,20,False,0.5883
898,8848ebb731fffff,0.2350597609561753,211.3,29.9,unknown,76241,12,33.227,-111.8911,Below threshold,True,1.0,,1.0,3.005639999999323,3,False,0.588
901,8848eba245fffff,0.2350597609561753,211.3,35.0,unknown,99212,12,33.2502,-111.7812,Below threshold,True,1.0,,1.0,5.588263999999631,6,False,0.588
902,8848ebac3bfffff,0.2350597609561753,210.8,29.4,unknown,33983,12,33.517,-111.7673,Below threshold,True,0.2117,tribal,1.0,10.886605437618309,11,False,0.588
904,8829b6c1a1fffff,0.2350597609561753,210.3,32.0,unknown,33897,12,33.735,-112.0448,Below threshold,True,1.0,,1.0,12.80180000000022,13,False,0.588
905,8829b6c603fffff,0.2350597609561753,210.2,34.8,unknown,33800,12,33.6988,-112.3,Below threshold,True,1.0,,1.0,4.630721323214089,5,False,0.588
906,8848ebb6e5fffff,0.2350597609561753,211.2,25.8,unknown,34107,12,33.2303,-111.9788,Below threshold,True,1.0,,1.0,3.372995999999653,3,False,0.588
907,8829b6c407fffff,0.2350597609561753,210.1,38.7,unknown,33671,12,33.7586,-112.2627,Below threshold,True,1.0,,1.0,8.079607422945527,8,False,0.588
908,8848e968c9fffff,0.2297476759628154,210.9,13.3,unknown,55507,12,33.3527,-112.1607,Below threshold,True,1.0,,1.0,16.998563999999536,18,False,0.5877
909,8829b6d183fffff,0.22841965471447542,210.6,13.1,unknown,57838,12,33.5663,-112.0826,Below threshold,True,1.0,,1.0,24.803224527682264,26,False,0.5876
911,8848ebb44dfffff,0.22642762284196546,211.2,28.4,unknown,47629,12,33.2211,-111.9335,Below threshold,True,1.0,,1.0,2.348851999999667,2,False,0.5872
915,8848ebb0a1fffff,0.22642762284196546,211.3,36.0,unknown,74596,12,33.2252,-111.7928,Below threshold,True,1.0,,1.0,2.8052639999997897,3,False,0.5872
917,8829b6db4dfffff,0.2244355909694555,210.8,19.5,unknown,223080,12,33.5022,-111.8736,Below threshold,True,1.0,,1.0,20.755851217746166,22,False,0.587
918,8829b6c765fffff,0.22310756972111553,210.3,28.9,unknown,37151,12,33.692,-112.1839,Below threshold,True,1.0,,1.0,15.384473677080406,16,False,0.5869
919,8829b6c0b3fffff,0.21779548472775564,210.2,33.6,unknown,33844,12,33.7435,-112.1503,Below threshold,True,1.0,,1.0,11.85558000000045,12,False,0.5865
920,8829b6cf6dfffff,0.21779548472775564,210.3,35.4,unknown,33780,12,33.763,-112.012,Below threshold,True,1.0,,1.0,9.684840000000367,10,False,0.5865
921,8829b6c73bfffff,0.21779548472775564,210.2,33.9,unknown,33833,12,33.7246,-112.2286,Below threshold,True,1.0,,1.0,11.240013890087042,12,False,0.5865
923,8848ebb4d1fffff,0.21779548472775564,211.1,18.7,unknown,34350,12,33.288,-112.0119,Below threshold,True,1.0,,1.0,9.796159999999317,10,False,0.5865
924,8848e96a37fffff,0.21779548472775564,211.0,16.2,unknown,34436,12,33.3102,-112.1306,Below threshold,True,0.566,protected,1.0,12.267463999999885,13,False,0.5865
926,8848e9610dfffff,0.21779548472775564,211.0,24.0,unknown,34169,12,33.261,-112.2026,Below threshold,True,1.0,,1.0,6.790519999999994,7,False,0.5865
927,8848eba229fffff,0.21779548472775564,211.2,34.2,unknown,114707,12,33.2752,-111.7697,Below threshold,True,1.0,,1.0,8.371263999999472,9,False,0.5865
930,8848ebb733fffff,0.21115537848605578,211.2,28.9,unknown,80657,12,33.2339,-111.8979,Below threshold,True,1.0,,1.0,3.77374799999951,4,False,0.5863
931,8848e979adfffff,0.21115537848605578,211.2,23.8,unknown,34177,12,33.235,-112.056,Below threshold,True,1.0,,1.0,3.89619999999962,4,False,0.5863
932,8848ebb635fffff,0.21115537848605578,211.2,27.9,unknown,36348,12,33.2181,-111.9547,Below threshold,True,1.0,,1.0,2.014891999999654,2,False,0.5863
933,8848ebb553fffff,0.20849933598937584,211.2,26.9,unknown,114633,12,33.2574,-111.897,Below threshold,True,1.0,,1.0,6.3897679999993455,6,False,0.5861
934,8848e9619bfffff,0.2051792828685259,210.9,24.4,unknown,34157,12,33.3262,-112.2917,Below threshold,True,1.0,,1.0,5.422723096118951,5,False,0.5858
937,8848eba15bfffff,0.2051792828685259,211.2,35.0,unknown,101327,12,33.3281,-111.7254,Below threshold,True,1.0,,1.0,7.013111593630654,7,False,0.5858
938,8848eba24dfffff,0.2051792828685259,211.3,35.3,unknown,91339,12,33.2418,-111.7851,Below threshold,True,1.0,,1.0,4.653175999999438,5,False,0.5858
939,8829b6d5b3fffff,0.2051792828685259,210.3,30.1,unknown,55478,12,33.6746,-112.2515,Below threshold,True,1.0,,1.0,9.125089758792205,9,False,0.5858
943,8829b6d0e1fffff,0.19853917662682602,210.6,10.9,unknown,89538,12,33.5368,-112.126,Below threshold,True,1.0,,1.0,20.78466606040209,22,False,0.585
944,8829b6c093fffff,0.19853917662682602,210.2,32.9,unknown,33865,12,33.7321,-112.1754,Below threshold,True,1.0,,1.0,13.124627999999865,14,False,0.585
945,8848e96b59fffff,0.19853917662682602,211.1,20.0,unknown,34307,12,33.2692,-112.0899,Below threshold,True,1.0,,1.0,7.703343999999448,8,False,0.585
946,8848e96b4dfffff,0.19853917662682602,211.1,21.2,unknown,34266,12,33.2586,-112.0551,Below threshold,True,1.0,,1.0,6.523351999999825,7,False,0.585
948,8848ebb461fffff,0.19853917662682602,211.2,27.5,unknown,73902,12,33.2393,-111.9152,Below threshold,True,1.0,,1.0,4.374875999999691,4,False,0.585
949,8829b6d2e3fffff,0.19853917662682602,210.7,8.9,unknown,134035,12,33.4853,-112.1595,Below threshold,True,1.0,,1.0,17.686768727753407,19,False,0.585
950,8848eba5d9fffff,0.19389110225763612,210.8,12.9,unknown,244997,12,33.4547,-111.9353,Below threshold,True,1.0,,1.0,26.497727799773124,28,False,0.5847
951,8829b6db45fffff,0.19256308100929614,210.8,20.2,unknown,198563,12,33.5106,-111.8698,Below threshold,True,1.0,,1.0,20.401132886659983,22,False,0.5843
953,8829b6c561fffff,0.18791500664010624,210.2,34.5,unknown,33812,12,33.7488,-112.1678,Below threshold,True,1.0,,1.0,11.265583999999846,12,False,0.584
954,8848e96185fffff,0.18791500664010624,210.9,21.7,unknown,34249,12,33.3171,-112.2463,Below threshold,True,1.0,,1.0,9.646571255005437,10,False,0.584
960,8829b6c609fffff,0.18791500664010624,210.2,33.3,unknown,40597,12,33.6837,-112.297,Below threshold,True,1.0,,1.0,4.909427134464352,5,False,0.584
963,8829b6ce51fffff,0.18791500664010624,210.2,35.2,unknown,33787,12,33.7601,-112.1427,Below threshold,True,1.0,,1.0,10.00766800000001,10,False,0.584
964,8848e96e4bfffff,0.18791500664010624,210.8,25.6,unknown,34115,12,33.3384,-112.3159,Below threshold,True,1.0,,1.0,3.1713372856336575,3,False,0.584
965,8829b6cf47fffff,0.18791500664010624,210.2,35.5,unknown,33777,12,33.7668,-112.0401,Below threshold,True,1.0,,1.0,9.26182399999977,10,False,0.584
967,8848e96d33fffff,0.18260292164674635,210.7,12.7,unknown,63364,12,33.4626,-112.2096,Below threshold,True,1.0,,1.0,13.038703163044605,14,False,0.5836
968,8848eba6adfffff,0.18260292164674635,210.9,10.1,unknown,177031,12,33.41,-111.9757,Below threshold,True,0.9997,airport,1.0,23.377199999999302,25,False,0.5836
969,8848e96a81fffff,0.1806108897742364,210.9,16.9,unknown,34412,12,33.3262,-112.1827,Below threshold,True,1.0,,1.0,14.048583999999687,15,False,0.5835
971,8829b6d28bfffff,0.17928286852589642,210.6,11.5,unknown,80770,12,33.4891,-112.1875,Below threshold,True,1.0,,1.0,15.086476720576867,16,False,0.5834
974,8848e96f57fffff,0.17795484727755645,210.8,18.6,unknown,34355,12,33.371,-112.2515,Below threshold,True,1.0,,1.0,9.157177455440502,9,False,0.5827
976,8848ebb73dfffff,0.1699867197875166,211.3,30.9,unknown,71071,12,33.2202,-111.8843,Below threshold,True,1.0,,1.0,2.248663999999505,2,False,0.5826
979,8829b6c51dfffff,0.1699867197875166,210.1,37.5,unknown,33711,12,33.7662,-112.2095,Below threshold,True,1.0,,1.0,9.328616000000405,10,False,0.5826
981,8848ebaccbfffff,0.1699867197875166,210.8,25.1,unknown,73673,12,33.518,-111.8166,Below threshold,True,1.0,,1.0,15.461956521839058,16,False,0.5826
983,8848e961c5fffff,0.1699867197875166,210.9,23.6,unknown,34185,12,33.2936,-112.2471,Below threshold,True,1.0,,1.0,9.574731989669077,10,False,0.5826
986,8848ebb19dfffff,0.1699867197875166,211.3,37.9,unknown,60539,12,33.2296,-111.7609,Below threshold,True,1.0,,1.0,3.2950719999994393,3,False,0.5826
987,8848e9789dfffff,0.1699867197875166,211.1,26.7,unknown,34078,12,33.2253,-112.1793,Below threshold,True,1.0,,1.0,2.816395999999368,3,False,0.5826
988,8848ebb56bfffff,0.1699867197875166,211.2,30.4,unknown,134826,12,33.2482,-111.8516,Below threshold,True,1.0,,1.0,5.365623999999359,5,False,0.5826
990,8848eba13bfffff,0.1699867197875166,211.1,36.0,unknown,74063,12,33.3629,-111.6994,Below threshold,True,1.0,,1.0,4.592961255011404,4,False,0.5826
992,8829b6c737fffff,0.1699867197875166,210.2,34.4,unknown,33817,12,33.7344,-112.2141,Below threshold,True,1.0,,1.0,12.581082847543039,13,False,0.5826
994,8848ebb0a7fffff,0.1699867197875166,211.3,35.7,unknown,82994,12,33.2335,-111.7889,Below threshold,True,1.0,,1.0,3.729219999999614,4,False,0.5826
995,8848eba34bfffff,0.1699867197875166,211.3,38.5,unknown,55755,12,33.2575,-111.7282,Below threshold,True,1.0,,1.0,6.400899999999715,6,False,0.5826
996,8848eba4a1fffff,0.16201859229747675,210.8,11.4,unknown,300168,12,33.4752,-111.9557,Below threshold,True,1.0,,1.0,28.385698759597975,30,False,0.5825
998,8848e96c59fffff,0.16069057104913678,210.7,22.2,unknown,80908,12,33.402,-112.3067,Below threshold,True,0.2352,protected,1.0,4.024004313504625,4,False,0.5815
1000,8848e9631bfffff,0.15604249667994688,211.1,31.3,unknown,33921,12,33.2201,-112.2708,Below threshold,True,1.0,,1.0,2.2375319999999266,2,False,0.5812
1001,8829b6cc61fffff,0.15604249667994688,210.1,41.1,unknown,33591,12,33.8175,-112.0664,Below threshold,True,1.0,,1.0,3.617899999999873,3,False,0.5812
1002,8829b6c50bfffff,0.15604249667994688,210.2,36.6,unknown,33742,12,33.7594,-112.2027,Below threshold,True,1.0,,1.0,10.085592000000224,10,False,0.5812
1003,8848e96b09fffff,0.15604249667994688,211.1,18.7,unknown,34352,12,33.2806,-112.0649,Below threshold,True,1.0,,1.0,8.972391999999655,9,False,0.5812
1004,8848eba31dfffff,0.15604249667994688,211.2,36.3,unknown,73406,12,33.2879,-111.7341,Below threshold,True,1.0,,1.0,7.825923853568817,8,False,0.5812
1006,8848e961a5fffff,0.15604249667994688,210.9,19.1,unknown,34337,12,33.3285,-112.2213,Below threshold,True,1.0,,1.0,11.970601041194401,12,False,0.5812
1008,8829b6db0dfffff,0.15139442231075698,210.8,20.5,unknown,178450,12,33.5257,-111.8727,Below threshold,True,1.0,,1.0,20.666693788711516,22,False,0.5809
1010,8829b6d0a5fffff,0.14807436918990705,210.6,13.2,unknown,57583,12,33.5618,-112.1145,Below threshold,True,1.0,,1.0,21.84541425301686,23,False,0.5807
1011,8848eba057fffff,0.14807436918990705,211.1,30.0,unknown,187291,12,33.3276,-111.7853,Below threshold,True,1.0,,1.0,12.584608006117676,13,False,0.5807
1012,8848eba327fffff,0.14807436918990705,211.2,39.4,unknown,48247,12,33.3021,-111.6878,Below threshold,True,1.0,,1.0,3.51690577592323,3,False,0.5807
1015,8848e961e5fffff,0.14807436918990705,210.9,21.1,unknown,34270,12,33.305,-112.2221,Below threshold,True,1.0,,1.0,11.688599999999651,12,False,0.5807
1016,8848e96d31fffff,0.14475431606905712,210.7,12.0,unknown,72902,12,33.4558,-112.2028,Below threshold,True,1.0,,1.0,13.671279537881249,14,False,0.5801
1018,8829b6c2e7fffff,0.14276228419654716,210.4,23.4,unknown,46703,12,33.6512,-112.143,Below threshold,True,1.0,,1.0,19.18180115121306,20,False,0.58
1019,8848ebb421fffff,0.14276228419654716,211.2,25.4,unknown,99747,12,33.2628,-111.9144,Below threshold,True,1.0,,1.0,6.990895999999526,7,False,0.58
1020,8848e97983fffff,0.13811420982735723,211.1,23.5,unknown,34185,12,33.2374,-112.0945,Below threshold,True,1.0,,1.0,4.163367999999789,4,False,0.5799
1025,8848eba139fffff,0.13811420982735723,211.1,36.9,unknown,67449,12,33.356,-111.6927,Below threshold,True,1.0,,1.0,3.970344040056222,4,False,0.5799
1027,8829b6cedbfffff,0.13811420982735723,210.1,41.5,unknown,33576,12,33.8063,-112.201,Below threshold,True,1.0,,1.0,4.864684000000131,5,False,0.5799
1029,8848ebb43dfffff,0.13811420982735723,211.2,24.0,unknown,83333,12,33.2681,-111.9317,Below threshold,True,1.0,,1.0,7.580891999999338,8,False,0.5799
1034,8829b6cec5fffff,0.13811420982735723,210.1,39.5,unknown,33643,12,33.7972,-112.1554,Below threshold,True,1.0,,1.0,5.8776960000005385,6,False,0.5799
1035,8829b6d1d9fffff,0.1341301460823373,210.6,10.6,unknown,96834,12,33.5398,-112.1047,Below threshold,True,1.0,,1.0,22.760275164348524,24,False,0.5798
1037,8848ebbab9fffff,0.13280212483399734,211.3,43.4,unknown,33513,12,33.2497,-111.6723,Below threshold,True,1.0,,1.0,2.076033986267619,2,False,0.5791
1042,8848ebacc7fffff,0.12815405046480743,210.8,26.7,unknown,53562,12,33.5278,-111.8022,Below threshold,True,1.0,,1.0,14.123908446301598,15,False,0.5788
1044,8848ebb441fffff,0.12815405046480743,211.2,27.5,unknown,48462,12,33.2279,-111.9403,Below threshold,True,1.0,,1.0,3.1058279999994847,3,False,0.5788
1045,8848e96b6bfffff,0.12815405046480743,211.1,19.4,unknown,34326,12,33.2752,-112.0475,Below threshold,True,1.0,,1.0,8.371263999999472,9,False,0.5788
1046,8848ebac13fffff,0.12815405046480743,210.8,27.5,unknown,45115,12,33.5141,-111.7886,Below threshold,True,0.9704,tribal,1.0,12.863888264957154,13,False,0.5788
1049,8848eba301fffff,0.12815405046480743,211.3,38.0,unknown,55246,12,33.2825,-111.7167,Below threshold,True,1.0,,1.0,6.207151245938925,6,False,0.5788
1052,8829b6d189fffff,0.12815405046480743,210.6,11.4,unknown,81210,12,33.5512,-112.0797,Below threshold,True,1.0,,1.0,25.076603499538372,27,False,0.5788
1053,8829b6da1bfffff,0.12284196547144755,210.7,12.3,unknown,141508,12,33.5328,-111.9887,Below threshold,True,1.0,,1.0,31.428982712003087,34,False,0.5786
1054,8829b6d1c3fffff,0.12284196547144755,210.6,10.5,unknown,97245,12,33.5428,-112.0835,Below threshold,True,1.0,,1.0,24.726468789975108,26,False,0.5786
1055,8848e968e1fffff,0.1201859229747676,210.9,10.0,unknown,107987,12,33.3724,-112.1319,Below threshold,True,0.9626,protected,1.0,19.191567999999567,20,False,0.5785
1056,8848eba4e3fffff,0.1201859229747676,210.8,10.3,unknown,209571,12,33.4585,-111.9633,Below threshold,True,1.0,,1.0,28.77621999999977,31,False,0.5785
1058,8848e96a0bfffff,0.11221779548472775,211.0,20.2,unknown,34299,12,33.2769,-112.1458,Below threshold,True,1.0,,1.0,8.560507999999427,9,False,0.5777
1059,8848e96b51fffff,0.11221779548472775,211.1,19.0,unknown,34340,12,33.2776,-112.0861,Below threshold,True,1.0,,1.0,8.638431999999641,9,False,0.5777
1061,8829b6d4b9fffff,0.11221779548472775,210.3,32.1,unknown,52169,12,33.6489,-112.3229,Below threshold,True,1.0,,1.0,2.5113077381555913,2,False,0.5777
1063,8848ebb683fffff,0.11221779548472775,211.2,22.8,unknown,34209,12,33.2479,-112.0204,Below threshold,True,1.0,,1.0,5.332227999999833,5,False,0.5777
1065,8848ebb727fffff,0.11221779548472775,211.3,31.8,unknown,82745,12,33.2232,-111.8631,Below threshold,True,1.0,,1.0,2.5826239999995177,2,False,0.5777
1066,8829b6c48dfffff,0.11221779548472775,210.0,43.8,unknown,33498,12,33.7911,-112.3074,Below threshold,True,1.0,,1.0,3.941130878916004,4,False,0.5777
1067,8848e96b63fffff,0.11221779548472775,211.1,18.5,unknown,34356,12,33.2836,-112.0437,Below threshold,True,1.0,,1.0,9.306351999999666,10,False,0.5777
1068,8848e96e01fffff,0.11221779548472775,210.8,23.4,unknown,45957,12,33.3634,-112.3045,Below threshold,True,1.0,,1.0,4.230334742614319,4,False,0.5777
1069,8848e96053fffff,0.11221779548472775,211.0,31.2,unknown,33922,12,33.2527,-112.3153,Below threshold,True,1.0,,1.0,3.2303096983581527,3,False,0.5777
1070,8848ebb6b1fffff,0.11221779548472775,211.1,21.2,unknown,34264,12,33.2645,-112.0127,Below threshold,True,1.0,,1.0,7.180139999999481,7,False,0.5777
1071,8829b6db65fffff,0.10424966799468792,210.8,22.8,unknown,117563,12,33.5218,-111.8447,Below threshold,True,1.0,,1.0,18.069091751480762,19,False,0.5776
1073,8829b6d549fffff,0.10424966799468792,210.5,17.6,unknown,147847,12,33.5649,-112.2025,Below threshold,True,1.0,,1.0,13.681880829581415,14,False,0.5776
1075,8848ebb5ddfffff,0.10225763612217796,211.1,21.9,unknown,97348,12,33.2916,-111.9309,Below threshold,True,0.9427,protected,1.0,10.196911999999964,11,False,0.5771
1077,8829b6c0cbfffff,0.09893758300132802,210.3,27.7,unknown,34042,12,33.6882,-112.1558,Below threshold,True,1.0,,1.0,17.987940341922524,19,False,0.5767
1078,8848e979e5fffff,0.09893758300132802,211.2,25.5,unknown,34118,12,33.2199,-112.053,Below threshold,True,1.0,,1.0,2.2152679999999783,2,False,0.5767
1080,8829b6ce21fffff,0.09893758300132802,210.2,37.2,unknown,33720,12,33.7828,-112.0924,Below threshold,True,1.0,,1.0,7.4807039999999665,8,False,0.5767
1082,8848ebaccdfffff,0.09893758300132802,210.8,26.5,unknown,55093,12,33.5126,-111.7992,Below threshold,True,0.8322,tribal,1.0,13.847946637736136,15,False,0.5767
1084,8848eba6e9fffff,0.0949535192563081,210.9,10.7,unknown,94066,12,33.3851,-111.9872,Below threshold,True,1.0,,1.0,20.60533199999983,22,False,0.5763
1085,8848eba5d1fffff,0.0949535192563081,210.8,13.3,unknown,297591,12,33.463,-111.9315,Below threshold,True,1.0,,1.0,26.14229347627701,28,False,0.5763
1086,8848eba4e7fffff,0.09229747675962816,210.8,11.3,unknown,242369,12,33.46,-111.9527,Below threshold,True,1.0,,1.0,28.112064241972483,30,False,0.5762
1087,8848e9689dfffff,0.09229747675962816,210.8,11.3,unknown,83582,12,33.3899,-112.1735,Below threshold,True,1.0,,1.0,16.404980462015317,17,False,0.5762
1088,8829b6d735fffff,0.08964143426294821,210.5,18.2,unknown,163890,12,33.5634,-112.2131,Below threshold,True,1.0,,1.0,12.698861161345704,13,False,0.576
1090,8848eba729fffff,0.08964143426294821,211.0,21.3,unknown,114033,12,33.3711,-111.8645,Below threshold,True,1.0,,1.0,19.046851999999507,20,False,0.576
1092,8829b6c5a1fffff,0.0849933598937583,210.0,43.3,unknown,33515,12,33.8199,-112.2147,Below threshold,True,1.0,,1.0,3.350732000000496,3,False,0.5756
1095,8848ebb0adfffff,0.0849933598937583,211.3,37.0,unknown,63506,12,33.2183,-111.786,Below threshold,True,1.0,,1.0,2.0371559999996025,2,False,0.5756
1096,8848eba331fffff,0.0849933598937583,211.2,36.8,unknown,71985,12,33.306,-111.7158,Below threshold,True,1.0,,1.0,6.121747400329167,6,False,0.5756
1097,8829b6ca0dfffff,0.0849933598937583,210.4,28.5,unknown,34015,12,33.6796,-111.941,Below threshold,True,1.0,,1.0,18.968928000000084,20,False,0.5756
1098,8848ebb89bfffff,0.0849933598937583,211.2,40.2,unknown,42367,12,33.3036,-111.6771,Below threshold,True,1.0,,1.0,2.5213361732596637,2,False,0.5756
1101,8829b6d8c5fffff,0.08100929614873838,210.6,20.3,unknown,44877,12,33.6062,-111.9649,Below threshold,True,1.0,,1.0,27.139816000000025,29,False,0.5755
1102,8848eba593fffff,0.0796812749003984,210.8,13.6,unknown,486364,12,33.4933,-111.9374,Below threshold,True,1.0,,1.0,26.680880705349054,28,False,0.5754
1103,8829b6d0e5fffff,0.07835325365205843,210.6,10.7,unknown,93950,12,33.5383,-112.1154,Below threshold,True,1.0,,1.0,21.767848414182005,23,False,0.5752
1104,8848ebae9bfffff,0.07636122177954847,210.8,19.9,unknown,199852,12,33.4954,-111.8668,Below threshold,True,1.0,,1.0,20.12621657065352,21,False,0.5747
1105,8829b6d649fffff,0.07636122177954847,210.6,21.9,unknown,54166,12,33.496,-112.3035,Below threshold,True,1.0,,1.0,4.316709339822631,4,False,0.5747
1106,8829b6c193fffff,0.07304116865869854,210.2,32.8,unknown,33869,12,33.7427,-112.1009,Below threshold,True,1.0,,1.0,11.94463600000024,12,False,0.5746
1108,8829b6c1b9fffff,0.07304116865869854,210.3,32.3,unknown,33887,12,33.7389,-112.0728,Below threshold,True,1.0,,1.0,12.367652000000046,13,False,0.5746
1109,8848eba1d9fffff,0.07304116865869854,211.1,29.9,unknown,187988,12,33.3692,-111.7661,Below threshold,True,1.0,,1.0,10.793607115816007,11,False,0.5746
1110,8848ebb543fffff,0.0703851261620186,211.2,29.3,unknown,116724,12,33.2452,-111.8728,Below threshold,True,1.0,,1.0,5.031663999999346,5,False,0.5741
1112,8848e96ad9fffff,0.0650730411686587,210.9,20.3,unknown,34296,12,33.3065,-112.2115,Below threshold,True,1.0,,1.0,11.855579999999657,12,False,0.5735
1115,8829b6c0b7fffff,0.0650730411686587,210.2,33.5,unknown,33845,12,33.745,-112.1397,Below threshold,True,1.0,,1.0,11.688600000000442,12,False,0.5735
1117,8829b6c62dfffff,0.0650730411686587,210.2,32.6,unknown,38556,12,33.6966,-112.2613,Below threshold,True,1.0,,1.0,8.215109977108156,8,False,0.5735
1118,8829b6cee7fffff,0.0650730411686587,210.1,41.2,unknown,33585,12,33.8153,-112.1371,Below threshold,True,1.0,,1.0,3.8628040000000934,4,False,0.5735
1120,8848e9606bfffff,0.0650730411686587,211.0,29.2,unknown,33993,12,33.2436,-112.2699,Below threshold,True,1.0,,1.0,4.853551999999762,5,False,0.5735
1121,8829b6c73dfffff,0.0650730411686587,210.2,32.7,unknown,33873,12,33.7193,-112.2111,Below threshold,True,1.0,,1.0,12.861073536410599,13,False,0.5735
1122,8848e960edfffff,0.0650730411686587,210.9,27.7,unknown,34043,12,33.286,-112.3001,Below threshold,True,1.0,,1.0,4.643544621550719,5,False,0.5735
1124,8829b6da81fffff,0.05976095617529881,210.6,15.1,unknown,67239,12,33.57,-112.0015,Below threshold,True,1.0,,1.0,31.169600000000123,33,False,0.5732
1126,8848eba5a5fffff,0.057104913678618856,210.8,19.3,unknown,212065,12,33.4871,-111.8707,Below threshold,True,1.0,,1.0,20.490229573533426,22,False,0.5727
1127,8848ebb6c1fffff,0.057104913678618856,211.2,26.3,unknown,34092,12,33.2175,-112.0144,Below threshold,True,1.0,,1.0,1.94809999999981,2,False,0.5727
1128,8848e96ae5fffff,0.057104913678618856,211.0,16.3,unknown,34434,12,33.3156,-112.148,Below threshold,True,1.0,,1.0,12.868592000000065,13,False,0.5727
1130,8848eba003fffff,0.05179282868525897,211.1,30.7,unknown,200860,12,33.3374,-111.7708,Below threshold,True,1.0,,1.0,11.234661071873282,12,False,0.5723
1132,8848ebb697fffff,0.05179282868525897,211.1,21.1,unknown,34268,12,33.2615,-112.0339,Below threshold,True,1.0,,1.0,6.846179999999468,7,False,0.5723
1134,8829b6c449fffff,0.05179282868525897,210.2,35.2,unknown,33790,12,33.7185,-112.2711,Below threshold,True,1.0,,1.0,7.305602289313672,7,False,0.5723
1136,8848e978abfffff,0.05179282868525897,211.1,25.2,unknown,34127,12,33.2299,-112.1475,Below threshold,True,1.0,,1.0,3.3284679999997566,3,False,0.5723
1138,8848e960adfffff,0.05179282868525897,210.9,26.0,unknown,34101,12,33.3096,-112.2993,Below threshold,True,1.0,,1.0,4.71671397736226,5,False,0.5723
1140,8848eba463fffff,0.04714475431606906,210.9,15.3,unknown,224283,12,33.4107,-111.9158,Below threshold,True,1.0,,1.0,23.455123999999515,25,False,0.5722
1141,8829b6d6a5fffff,0.04714475431606906,210.4,26.9,unknown,93834,12,33.5883,-112.3109,Below threshold,True,1.0,,1.0,3.6258747765365307,3,False,0.5722
1143,8848e96b01fffff,0.0451527224435591,211.1,17.8,unknown,34383,12,33.2889,-112.061,Below threshold,True,1.0,,1.0,9.896347999999477,10,False,0.5717
1144,8848eba5d3fffff,0.04249667994687915,210.8,12.8,unknown,333577,12,33.4698,-111.9383,Below threshold,True,1.0,,1.0,26.77169427231217,29,False,0.5715
1145,8829b6d291fffff,0.04249667994687915,210.6,13.3,unknown,66383,12,33.5028,-112.2011,Below threshold,True,1.0,,1.0,13.821667365917241,14,False,0.5715
1146,8829b6d1adfffff,0.04249667994687915,210.6,13.1,unknown,57665,12,33.564,-112.044,Below threshold,True,1.0,,1.0,28.384401143543414,30,False,0.5715
1147,8829b6c40bfffff,0.03718459495351926,210.1,38.3,unknown,33682,12,33.7488,-112.2771,Below threshold,True,1.0,,1.0,6.747659904886005,7,False,0.5714
1148,8848eb3513fffff,0.03718459495351926,210.6,43.2,unknown,33519,12,33.6887,-111.7077,Below threshold,True,1.0,,1.0,5.344480534676519,5,False,0.5714
1152,8829b6ce61fffff,0.03718459495351926,210.2,34.6,unknown,33808,12,33.7593,-112.0933,Below threshold,True,1.0,,1.0,10.096723999999801,10,False,0.5714
1154,8848e961b5fffff,0.03718459495351926,210.9,19.9,unknown,34309,12,33.3406,-112.2455,Below threshold,True,1.0,,1.0,9.71836877153096,10,False,0.5714
1155,8829b6d1dbfffff,0.03718459495351926,210.6,11.5,unknown,80756,12,33.5466,-112.1115,Below threshold,True,1.0,,1.0,22.127592853801698,23,False,0.5714
1156,8829b6da15fffff,0.033200531208499334,210.7,13.9,unknown,180331,12,33.5358,-111.9675,Below threshold,True,1.0,,1.0,29.460749166571343,31,False,0.571
1159,8829b6c637fffff,0.031208499335989376,210.2,36.5,unknown,33744,12,33.7238,-112.2886,Below threshold,True,1.0,,1.0,5.684870554051769,6,False,0.5707
1160,8829b6c725fffff,0.031208499335989376,210.2,31.4,unknown,33918,12,33.7155,-112.1831,Below threshold,True,1.0,,1.0,14.972540000000302,16,False,0.5707
1162,8829b6c61dfffff,0.025896414342629483,210.2,35.3,unknown,33785,12,33.6973,-112.3107,Below threshold,True,1.0,,1.0,3.6398105053469956,3,False,0.5698
1163,8829b6d0bbfffff,0.025896414342629483,210.5,15.8,unknown,88722,12,33.5709,-112.16,Below threshold,True,1.0,,1.0,17.622893001957756,19,False,0.5698
1165,8829b6c4a9fffff,0.025896414342629483,210.0,44.1,unknown,33487,12,33.8009,-112.293,Below threshold,True,1.0,,1.0,5.272740446739342,5,False,0.5698
1166,8848eba5a7fffff,0.025896414342629483,210.8,18.9,unknown,243452,12,33.4939,-111.8775,Below threshold,True,1.0,,1.0,21.119896655634573,22,False,0.5698
1169,8829b6cc4bfffff,0.025896414342629483,210.1,39.7,unknown,33636,12,33.8047,-112.1022,Below threshold,True,1.0,,1.0,5.042796000000507,5,False,0.5698
1170,8848ebacc5fffff,0.025896414342629483,210.8,27.1,unknown,49470,12,33.5209,-111.7954,Below threshold,True,1.0,,1.0,13.493956230472241,14,False,0.5698
1172,8829b6d093fffff,0.021248339973439574,210.5,16.6,unknown,115732,12,33.5679,-112.1812,Below threshold,True,1.0,,1.0,15.657093187011963,16,False,0.5693
1175,8829b6ce81fffff,0.019256308100929615,210.1,42.1,unknown,33556,12,33.8191,-112.1653,Below threshold,True,1.0,,1.0,3.4397880000002883,3,False,0.5691
1176,8848eb3425fffff,0.019256308100929615,210.6,41.5,unknown,33576,12,33.6721,-111.7154,Below threshold,True,1.0,,1.0,6.058865169103224,6,False,0.5691
1182,8829b6d8b1fffff,0.01593625498007968,210.5,24.4,unknown,34154,12,33.6517,-111.9737,Below threshold,True,1.0,,1.0,22.07475600000036,23,False,0.5687
1183,8848e96f61fffff,0.01593625498007968,210.9,15.6,unknown,35414,12,33.3618,-112.2061,Below threshold,True,1.0,,1.0,13.379260718060383,14,False,0.5687
1184,8848e96127fffff,0.01593625498007968,211.0,20.4,unknown,34291,12,33.2875,-112.1806,Below threshold,True,1.0,,1.0,9.740499999999841,10,False,0.5687
1185,8848e96895fffff,0.013280212483399735,210.8,10.5,unknown,98259,12,33.3982,-112.1696,Below threshold,True,1.0,,1.0,16.76586893986808,18,False,0.5686
1187,8848e96a57fffff,0.010624169986719787,211.0,20.7,unknown,34282,12,33.2754,-112.1564,Below threshold,True,1.0,,1.0,8.39352799999942,9,False,0.5683
1188,8848eba517fffff,0.010624169986719787,210.9,18.1,unknown,153379,12,33.4469,-111.8793,Below threshold,True,1.0,,1.0,21.29854702884287,23,False,0.5683
1189,8848eba50bfffff,0.010624169986719787,210.9,19.2,unknown,92999,12,33.4249,-111.8695,Below threshold,True,1.0,,1.0,20.39344298625203,22,False,0.5683
1193,8848eb3511fffff,0.004648074369189907,210.6,43.2,unknown,33518,12,33.6819,-111.7009,Below threshold,True,1.0,,1.0,4.715001385686597,5,False,0.5681
1194,8848e96addfffff,0.004648074369189907,210.9,19.6,unknown,34321,12,33.308,-112.201,Below threshold,True,1.0,,1.0,12.022559999999665,13,False,0.5681
1195,8848e9604dfffff,0.004648074369189907,211.0,31.1,unknown,33929,12,33.2269,-112.2775,Below threshold,True,1.0,,1.0,2.9945079999997444,3,False,0.5681
1196,8848e96115fffff,0.004648074369189907,211.0,23.1,unknown,34198,12,33.2815,-112.223,Below threshold,True,1.0,,1.0,9.072579999999816,9,False,0.5681
1197,8848e9799bfffff,0.004648074369189907,211.1,23.5,unknown,34187,12,33.2412,-112.1225,Below threshold,True,1.0,,1.0,4.586383999999594,4,False,0.5681
1198,8829b6c417fffff,0.004648074369189907,210.1,40.9,unknown,33596,12,33.7707,-112.287,Below threshold,True,1.0,,1.0,5.829821377065157,6,False,0.5681
