rank,h3_index,score,acres,dist_km,type,land_val_acre,build_mo,lat,lon,tier
1,8829b6d2d3fffff,0.7011,210.6,13.2,unknown,57248,12,33.4861,-112.2088,Tier 1 — Top 10%
2,8848ebb137fffff,0.6972,211.4,44.5,unknown,33476,12,33.2080,-111.6915,Tier 1 — Top 10%
3,8848e96d09fffff,0.6962,210.7,12.7,unknown,63406,12,33.4240,-112.2074,Tier 1 — Top 10%
4,8848ebba87fffff,0.6917,211.4,44.3,unknown,33482,12,33.2428,-111.6655,Tier 1 — Top 10%
5,8848e96aa7fffff,0.6890,210.9,13.6,unknown,52701,12,33.3459,-112.1539,Tier 1 — Top 10%
6,8829b6d2dbfffff,0.6876,210.6,13.3,unknown,56359,12,33.4778,-112.2126,Tier 1 — Top 10%
7,8848e96959fffff,0.6874,211.0,13.5,unknown,54063,12,33.3276,-112.0631,Tier 1 — Top 10%
8,8848ebba83fffff,0.6865,211.4,43.5,unknown,33507,12,33.2414,-111.6761,Tier 1 — Top 10%
9,8848ebbad9fffff,0.6861,211.4,43.5,unknown,33508,12,33.2149,-111.6982,Tier 1 — Top 10%
10,8848ebba89fffff,0.6858,211.4,44.7,unknown,33469,12,33.2262,-111.6732,Tier 1 — Top 10%
11,8848ebb133fffff,0.6834,211.4,43.8,unknown,33499,12,33.2066,-111.7021,Tier 1 — Top 10%
12,8848e968c3fffff,0.6832,210.9,12.2,unknown,69381,12,33.3679,-112.1637,Tier 1 — Top 10%
13,8829b6d281fffff,0.6792,210.6,10.6,unknown,95247,12,33.4907,-112.1769,Tier 1 — Top 10%
14,8829b6d2d9fffff,0.6789,210.7,12.5,unknown,65931,12,33.4710,-112.2058,Tier 1 — Top 10%
15,8848ebbad5fffff,0.6751,211.4,44.0,unknown,33493,12,33.2247,-111.6838,Tier 1 — Top 10%
16,8848e96d05fffff,0.6743,210.7,11.2,unknown,85837,12,33.4338,-112.1930,Tier 1 — Top 10%
17,8848e96d0dfffff,0.6743,210.7,11.7,unknown,77405,12,33.4255,-112.1968,Tier 1 — Top 10%
18,8848ebbaddfffff,0.6741,211.4,44.2,unknown,33485,12,33.2164,-111.6876,Tier 1 — Top 10%
19,8829b6d2d7fffff,0.6728,210.6,12.3,unknown,68141,12,33.4876,-112.1982,Tier 1 — Top 10%
20,8848e96d41fffff,0.6728,210.8,12.9,unknown,60864,12,33.4088,-112.2044,Tier 1 — Top 10%
21,8848eb3595fffff,0.6717,210.5,44.3,unknown,33483,12,33.7312,-111.7378,Tier 1 — Top 10%
22,8848eb3587fffff,0.6717,210.5,45.0,unknown,33458,12,33.7258,-111.7203,Tier 1 — Top 10%
23,8829b6d289fffff,0.6664,210.7,10.6,unknown,96108,12,33.4823,-112.1807,Tier 1 — Top 10%
24,8848e96893fffff,0.6644,210.8,11.6,unknown,78351,12,33.4035,-112.1870,Tier 1 — Top 10%
25,8829b6c9abfffff,0.6642,210.2,44.3,unknown,33481,12,33.8126,-111.8794,Tier 1 — Top 10%
26,8848e96831fffff,0.6614,210.9,10.3,unknown,102192,12,33.3602,-112.1077,Tier 1 — Top 10%
27,8829b6d0c5fffff,0.6607,210.6,10.7,unknown,94290,12,33.5270,-112.1404,Tier 1 — Top 10%
28,8848ebba8bfffff,0.6585,211.4,43.7,unknown,33501,12,33.2330,-111.6799,Tier 1 — Top 10%
29,8848eba4b5fffff,0.6552,210.8,10.7,unknown,267211,12,33.4888,-111.9692,Tier 1 — Top 10%
30,8848e96811fffff,0.6548,210.9,12.3,unknown,67899,12,33.3489,-112.1327,Tier 1 — Top 10%
31,8848ebb881fffff,0.6546,211.3,43.7,unknown,33503,12,33.2928,-111.6424,Tier 1 — Top 10%
32,8848eb321bfffff,0.6546,210.9,40.8,unknown,33598,12,33.5263,-111.6436,Tier 1 — Top 10%
33,8848ebb8c1fffff,0.6546,211.3,44.7,unknown,33469,12,33.2693,-111.6433,Tier 1 — Top 10%
34,8848e962e5fffff,0.6544,211.0,33.1,unknown,33861,12,33.2360,-112.3229,Tier 1 — Top 10%
35,8829b6cd49fffff,0.6543,210.2,40.3,unknown,33615,12,33.8084,-112.0209,Tier 1 — Top 10%
36,8848e9613dfffff,0.6541,211.0,21.7,unknown,34246,12,33.2845,-112.2018,Tier 1 — Top 10%
37,8848eb35d5fffff,0.6541,210.5,42.4,unknown,33546,12,33.7077,-111.7387,Tier 1 — Top 10%
38,8848e979a5fffff,0.6540,211.1,22.9,unknown,34207,12,33.2434,-112.0521,Tier 1 — Top 10%
39,8829b6cf29fffff,0.6539,210.2,37.7,unknown,33703,12,33.7849,-112.0217,Tier 1 — Top 10%
40,8848eb35edfffff,0.6539,210.5,44.9,unknown,33461,12,33.6985,-111.6932,Tier 1 — Top 10%
41,8848e96059fffff,0.6539,211.0,32.2,unknown,33888,12,33.2375,-112.3123,Tier 1 — Top 10%
42,8848ebb68bfffff,0.6538,211.2,23.7,unknown,34180,12,33.2395,-112.0242,Tier 1 — Top 10%
43,8829b6cf05fffff,0.6538,210.2,37.5,unknown,33712,12,33.7834,-112.0324,Tier 1 — Top 10%
44,8829b6c0b9fffff,0.6537,210.2,31.9,unknown,33901,12,33.7283,-112.1473,Tier 1 — Top 10%
45,8848ebaa13fffff,0.6536,211.1,40.6,unknown,33605,12,33.3702,-111.6463,Tier 1 — Top 10%
46,8848ebb637fffff,0.6536,211.2,27.0,unknown,36488,12,33.2250,-111.9615,Tier 1 — Top 10%
47,8848e96187fffff,0.6535,210.9,21.6,unknown,34250,12,33.3240,-112.2531,Tier 1 — Top 10%
48,8829b6ced5fffff,0.6535,210.1,41.3,unknown,33582,12,33.8093,-112.1797,Tier 1 — Top 10%
49,8848e96223fffff,0.6534,211.0,32.7,unknown,33872,12,33.2170,-112.2919,Tier 1 — Top 10%
50,8848ebb689fffff,0.6533,211.2,24.6,unknown,34150,12,33.2327,-112.0174,Tier 1 — Top 10%
51,8848ebb183fffff,0.6532,211.3,38.6,unknown,55170,12,33.2311,-111.7503,Tier 1 — Top 10%
52,8848e979e9fffff,0.6532,211.2,26.5,unknown,34083,12,33.2100,-112.0674,Tier 1 — Top 10%
53,8848e979b9fffff,0.6531,211.1,22.6,unknown,34217,12,33.2457,-112.0907,Tier 1 — Top 10%
54,8848ebaa59fffff,0.6531,211.2,42.0,unknown,33561,12,33.3315,-111.6444,Tier 1 — Top 10%
55,8848ebba95fffff,0.6530,211.3,42.6,unknown,33539,12,33.2482,-111.6829,Tier 1 — Top 10%
56,8848ebb0b7fffff,0.6530,211.3,33.1,unknown,120141,12,33.2457,-111.8131,Tier 1 — Top 10%
57,8829b6c927fffff,0.6529,210.3,43.4,unknown,33513,12,33.7746,-111.8173,Tier 1 — Top 10%
58,8848eb2657fffff,0.6529,210.4,43.5,unknown,33507,12,33.7624,-111.7931,Tier 1 — Top 10%
59,8829b6c897fffff,0.6528,210.2,41.3,unknown,33583,12,33.8129,-111.9889,Tier 1 — Top 10%
60,8848e9621dfffff,0.6528,211.0,35.9,unknown,33763,12,33.2041,-112.3275,Tier 1 — Top 10%
61,8829b6c925fffff,0.6527,210.4,43.1,unknown,33522,12,33.7678,-111.8105,Tier 1 — Top 10%
62,8848e96129fffff,0.6527,211.0,22.4,unknown,34224,12,33.2709,-112.1882,Tier 1 — Top 10%
63,8848e9605bfffff,0.6525,211.0,32.1,unknown,33892,12,33.2443,-112.3191,Tier 1 — Top 10%
64,8848e9605dfffff,0.6525,211.0,31.5,unknown,33915,12,33.2390,-112.3017,Tier 1 — Top 10%
65,8829b6d6d5fffff,0.6525,210.4,29.6,unknown,47895,12,33.5656,-112.3609,Tier 1 — Top 10%
66,8848e962e7fffff,0.6525,211.0,33.0,unknown,33864,12,33.2428,-112.3297,Tier 1 — Top 10%
67,8848ebac0bfffff,0.6522,210.9,28.8,unknown,34005,12,33.4935,-111.7683,Tier 1 — Top 10%
68,8848ebace5fffff,0.6521,210.8,29.7,unknown,33976,12,33.5322,-111.7703,Tier 1 — Top 10%
69,8848e9612bfffff,0.6521,211.0,22.1,unknown,34236,12,33.2777,-112.1950,Tier 1 — Top 10%
70,8829b6c5e1fffff,0.6520,210.1,40.9,unknown,33597,12,33.7964,-112.2155,Tier 1 — Top 10%
71,8848e96211fffff,0.6519,211.0,35.8,unknown,33768,12,33.2110,-112.3343,Tier 1 — Top 10%
72,8848eb3583fffff,0.6519,210.5,44.2,unknown,33486,12,33.7244,-111.7310,Tier 1 — Top 10%
73,8829b6d08bfffff,0.6518,210.6,13.6,unknown,79779,12,33.5474,-112.1608,Tier 1 — Top 10%
74,8848ebb427fffff,0.6515,211.2,24.9,unknown,114113,12,33.2711,-111.9105,Tier 1 — Top 10%
75,8829b6ce95fffff,0.6513,210.0,43.8,unknown,33498,12,33.8327,-112.1789,Tier 1 — Top 10%
76,8848eb3285fffff,0.6513,210.8,41.8,unknown,33566,12,33.5650,-111.6456,Tier 1 — Top 10%
77,8848eb2619fffff,0.6511,210.4,43.8,unknown,33499,12,33.7693,-111.7999,Tier 1 — Top 10%
78,8848e961bbfffff,0.6511,210.9,21.7,unknown,34247,12,33.3376,-112.2667,Tier 1 — Top 10%
79,8848ebb5c9fffff,0.6511,211.2,23.9,unknown,110272,12,33.2780,-111.9173,Tier 1 — Top 10%
80,8848e96135fffff,0.6511,211.0,20.8,unknown,34280,12,33.2929,-112.1980,Tier 1 — Top 10%
81,8848ebbac3fffff,0.6510,211.4,44.9,unknown,33461,12,33.2178,-111.6770,Tier 1 — Top 10%
82,8848eb3581fffff,0.6509,210.5,44.1,unknown,33488,12,33.7175,-111.7242,Tier 1 — Top 10%
83,8848e962edfffff,0.6509,211.0,34.0,unknown,33830,12,33.2276,-112.3267,Tier 1 — Top 10%
84,8829b6d2d5fffff,0.6509,210.7,11.5,unknown,80733,12,33.4808,-112.1914,Tier 1 — Top 10%
85,8829b6d0c3fffff,0.6508,210.6,12.1,unknown,70507,12,33.5323,-112.1578,Tier 1 — Top 10%
86,8848eb3699fffff,0.6508,210.5,30.6,unknown,33946,12,33.6529,-111.8538,Tier 1 — Top 10%
87,8848ebb729fffff,0.6508,211.3,32.9,unknown,59614,12,33.2065,-111.8708,Tier 1 — Top 10%
88,8848eba151fffff,0.6507,211.2,35.9,unknown,87993,12,33.3296,-111.7148,Tier 1 — Top 10%
89,8848ebb631fffff,0.6507,211.2,27.7,unknown,34044,12,33.2166,-111.9653,Tier 1 — Top 10%
90,8848ebb68dfffff,0.6507,211.2,24.6,unknown,34148,12,33.2342,-112.0068,Tier 1 — Top 10%
91,8848ebb73bfffff,0.6505,211.3,29.5,unknown,68586,12,33.2256,-111.9017,Tier 1 — Top 10%
92,8848e968ddfffff,0.6504,210.9,13.0,unknown,59037,12,33.3664,-112.1743,Tier 1 — Top 10%
93,8848e962e3fffff,0.6503,211.0,33.8,unknown,33836,12,33.2413,-112.3403,Tier 1 — Top 10%
94,8848eba8d5fffff,0.6503,211.0,39.3,unknown,33649,12,33.4475,-111.6503,Tier 1 — Top 10%
95,8848e96163fffff,0.6503,211.0,23.4,unknown,34190,12,33.2625,-112.1920,Tier 1 — Top 10%
96,8848e96de5fffff,0.6502,210.7,13.4,unknown,54680,12,33.4695,-112.2164,Tier 1 — Top 10%
97,8848e96239fffff,0.6501,211.0,34.2,unknown,33821,12,33.2140,-112.3131,Tier 1 — Top 10%
98,8848ebac1dfffff,0.6501,210.9,28.3,unknown,36311,12,33.5004,-111.7750,Tier 1 — Top 10%
99,8848e96d4bfffff,0.6500,210.8,13.9,unknown,49993,12,33.4073,-112.2151,Tier 1 — Top 10%
100,8848ebad39fffff,0.6500,210.9,36.9,unknown,33732,12,33.5205,-111.6861,Tier 1 — Top 10%
101,8848ebadc5fffff,0.6500,210.8,34.0,unknown,33829,12,33.5312,-111.7210,Tier 1 — Top 10%
102,8848ebb5c1fffff,0.6500,211.1,23.4,unknown,123238,12,33.2863,-111.9135,Tier 1 — Top 10%
103,8848e96165fffff,0.6500,211.0,23.2,unknown,34196,12,33.2572,-112.1746,Tier 1 — Top 10%
104,8848ebad31fffff,0.6498,210.9,37.4,unknown,33714,12,33.5288,-111.6823,Tier 1 — Top 10%
105,8829b6c1a5fffff,0.6496,210.3,32.3,unknown,33888,12,33.7365,-112.0341,Tier 1 — Top 10%
106,8848eb26ddfffff,0.6496,210.3,44.3,unknown,33481,12,33.7951,-111.8377,Tier 1 — Top 10%
107,8848e978a7fffff,0.6496,211.1,23.8,unknown,34174,12,33.2397,-112.1331,Tier 1 — Top 10%
108,8848ebb1a3fffff,0.6496,211.3,39.7,unknown,46502,12,33.2424,-111.7253,Tier 1 — Top 10%
109,8829b6c43dfffff,0.6493,210.1,39.3,unknown,33649,12,33.7669,-112.2589,Tier 1 — Top 10%
110,8848eb36d3fffff,0.6493,210.6,29.6,unknown,33977,12,33.6446,-111.8576,Tier 1 — Top 10%
111,8848ebb6c7fffff,0.6493,211.2,25.4,unknown,34120,12,33.2258,-112.0106,Tier 1 — Top 10%
112,8848e9622bfffff,0.6493,211.1,33.7,unknown,33839,12,33.2087,-112.2957,Tier 1 — Top 10%
113,8829b6cf21fffff,0.6493,210.2,38.7,unknown,33670,12,33.7933,-112.0179,Tier 1 — Top 10%
114,8848eba6c9fffff,0.6492,210.9,10.1,unknown,106334,12,33.3737,-112.0122,Tier 1 — Top 10%
115,8848ebb423fffff,0.6490,211.2,24.4,unknown,97621,12,33.2696,-111.9211,Tier 1 — Top 10%
116,8829b6cf51fffff,0.6490,210.2,35.8,unknown,33767,12,33.7706,-112.0682,Tier 1 — Top 10%
117,8829b6cf53fffff,0.6488,210.2,36.6,unknown,33741,12,33.7774,-112.0750,Tier 1 — Top 10%
118,8848e96355fffff,0.6488,211.1,32.2,unknown,33891,12,33.1996,-112.2504,Tier 1 — Top 10%
119,8848ebb681fffff,0.6488,211.2,23.7,unknown,34178,12,33.2410,-112.0136,Tier 1 — Top 10%
120,8848e962e1fffff,0.6485,211.0,33.9,unknown,33833,12,33.2345,-112.3335,Tier 1 — Top 10%
121,8829b6db67fffff,0.6485,210.8,22.5,unknown,123342,12,33.5287,-111.8515,Tier 1 — Top 10%
122,8829b6c939fffff,0.6485,210.3,41.4,unknown,33579,12,33.7702,-111.8493,Tier 1 — Top 10%
123,8848e96205fffff,0.6485,211.1,34.6,unknown,33807,12,33.2003,-112.2995,Tier 1 — Top 10%
124,8848e9620dfffff,0.6483,211.1,35.6,unknown,33775,12,33.1920,-112.3033,Tier 1 — Top 10%
125,8848ebac33fffff,0.6483,210.8,30.0,unknown,33963,12,33.5253,-111.7635,Tier 1 — Top 10%
126,8848e96217fffff,0.6483,211.0,34.9,unknown,33799,12,33.2193,-112.3305,Tier 1 — Top 10%
127,8848ebb717fffff,0.6483,211.3,29.1,unknown,61157,12,33.2241,-111.9123,Tier 1 — Top 10%
128,8848ebb1c5fffff,0.6480,211.4,41.8,unknown,33565,12,33.2022,-111.7339,Tier 1 — Top 10%
129,8848e9623dfffff,0.6480,211.0,33.5,unknown,33846,12,33.2155,-112.3025,Tier 1 — Top 10%
130,8829b6cad5fffff,0.6478,210.3,31.3,unknown,33922,12,33.7244,-112.0099,Tier 1 — Top 10%
131,8848eb3457fffff,0.6478,210.6,36.3,unknown,33752,12,33.6564,-111.7725,Tier 1 — Top 10%
132,8848e962e9fffff,0.6478,211.0,34.8,unknown,33803,12,33.2261,-112.3373,Tier 1 — Top 10%
133,8829b6c59dfffff,0.6478,210.0,44.0,unknown,33491,12,33.8138,-112.2572,Tier 1 — Top 10%
134,8848eb2653fffff,0.6475,210.4,42.8,unknown,33531,12,33.7610,-111.8037,Tier 1 — Top 10%
135,8848ebacedfffff,0.6475,210.8,29.0,unknown,33997,12,33.5239,-111.7741,Tier 1 — Top 10%
136,8848e96207fffff,0.6475,211.1,34.4,unknown,33814,12,33.2072,-112.3063,Tier 1 — Top 10%
137,8829b6ce8dfffff,0.6473,210.1,41.2,unknown,33586,12,33.8123,-112.1584,Tier 1 — Top 10%
138,8848e961b9fffff,0.6473,210.9,21.7,unknown,34249,12,33.3308,-112.2599,Tier 1 — Top 10%
139,8848eba135fffff,0.6473,211.1,37.9,unknown,53083,12,33.3658,-111.6782,Tier 1 — Top 10%
140,8848ebba97fffff,0.6471,211.3,41.7,unknown,33570,12,33.2551,-111.6896,Tier 1 — Top 10%
141,8848e96199fffff,0.6470,210.9,24.3,unknown,34160,12,33.3194,-112.2849,Tier 1 — Top 10%
142,8848e97999fffff,0.6468,211.1,24.1,unknown,34165,12,33.2344,-112.1157,Tier 1 — Top 10%
143,8829b6c095fffff,0.6468,210.2,31.9,unknown,33899,12,33.7268,-112.1580,Tier 1 — Top 10%
144,8848e96859fffff,0.6466,211.0,15.7,unknown,34453,12,33.3171,-112.1374,Tier 1 — Top 10%
145,8848ebb715fffff,0.6466,211.3,30.1,unknown,58288,12,33.2172,-111.9055,Tier 1 — Top 10%
146,8848ebb4dbfffff,0.6462,211.1,18.6,unknown,34354,12,33.2866,-112.0225,Tier 1 — Top 10%
147,8829b6c52bfffff,0.6462,210.2,37.1,unknown,33724,12,33.7707,-112.1776,Tier 1 — Top 10%
148,8848ebb1ddfffff,0.6462,211.4,39.6,unknown,43154,12,33.2061,-111.7619,Tier 1 — Top 10%
149,8829b6ced9fffff,0.6462,210.1,40.6,unknown,33606,12,33.7995,-112.1942,Tier 1 — Top 10%
150,8848eba88bfffff,0.6462,211.0,39.7,unknown,33637,12,33.4559,-111.6464,Tier 1 — Top 10%
151,8848e9798dfffff,0.6462,211.2,25.0,unknown,34135,12,33.2237,-112.0810,Tier 1 — Top 10%
152,8848e962bdfffff,0.6462,210.9,32.9,unknown,33867,12,33.2633,-112.3501,Tier 1 — Top 10%
153,8848ebb46dfffff,0.6458,211.2,28.5,unknown,71728,12,33.2324,-111.9085,Tier 1 — Top 10%
154,8829b6c735fffff,0.6458,210.2,33.4,unknown,33849,12,33.7276,-112.2073,Tier 1 — Top 10%
155,8829b6c565fffff,0.6458,210.2,34.4,unknown,33814,12,33.7503,-112.1571,Tier 1 — Top 10%
156,8848e96203fffff,0.6458,211.1,35.2,unknown,33789,12,33.2057,-112.3169,Tier 1 — Top 10%
157,8848e96167fffff,0.6457,211.0,22.8,unknown,34210,12,33.2640,-112.1814,Tier 1 — Top 10%
158,8848ebb1bdfffff,0.6457,211.3,39.0,unknown,52384,12,33.2409,-111.7359,Tier 1 — Top 10%
159,8848e96e29fffff,0.6456,210.8,21.5,unknown,39471,12,33.3664,-112.2833,Tier 1 — Top 10%
160,8848ebb1a5fffff,0.6456,211.3,41.3,unknown,35124,12,33.2370,-111.7079,Tier 1 — Top 10%
161,8829b6c847fffff,0.6453,210.4,34.4,unknown,33814,12,33.7295,-111.9179,Tier 1 — Top 10%
162,8848eba349fffff,0.6453,211.3,39.4,unknown,47873,12,33.2507,-111.7214,Tier 1 — Top 10%
163,8848ebacb5fffff,0.6453,210.7,29.2,unknown,33992,12,33.5679,-111.7936,Tier 1 — Top 10%
164,8848ebb1ebfffff,0.6453,211.4,41.5,unknown,33720,12,33.2105,-111.7301,Tier 1 — Top 10%
165,8848ebb0c7fffff,0.6453,211.3,36.8,unknown,52331,12,33.1987,-111.8149,Tier 1 — Top 10%
166,8848eba4b7fffff,0.6450,210.8,10.5,unknown,237552,12,33.4957,-111.9760,Tier 1 — Top 10%
167,8829b6cc5dfffff,0.6449,210.1,40.5,unknown,33609,12,33.8115,-112.1090,Tier 1 — Top 10%
168,8848e96b57fffff,0.6449,211.1,18.1,unknown,34372,12,33.2859,-112.0822,Tier 1 — Top 10%
169,8829b6cf61fffff,0.6449,210.2,36.1,unknown,33758,12,33.7698,-112.0188,Tier 1 — Top 10%
170,8848e96287fffff,0.6449,210.9,33.7,unknown,33838,12,33.2549,-112.3539,Tier 1 — Top 10%
171,8848ebaf05fffff,0.6449,211.0,34.7,unknown,33804,12,33.4485,-111.6996,Tier 1 — Top 10%
172,8848ebb1b9fffff,0.6449,211.3,38.3,unknown,58594,12,33.2394,-111.7465,Tier 1 — Top 10%
173,8829b6ce8bfffff,0.6449,210.1,42.1,unknown,33555,12,33.8176,-112.1759,Tier 1 — Top 10%
174,8848e97917fffff,0.6446,211.2,27.3,unknown,34057,12,33.2032,-112.0606,Tier 1 — Top 10%
175,8829b6ced1fffff,0.6446,210.1,41.4,unknown,33580,12,33.8078,-112.1904,Tier 1 — Top 10%
176,8848eb3649fffff,0.6446,210.7,30.2,unknown,33959,12,33.5693,-111.7829,Tier 1 — Top 10%
177,8848e979d7fffff,0.6443,211.1,24.8,unknown,34143,12,33.2275,-112.1089,Tier 1 — Top 10%
178,8848ebb1b5fffff,0.6443,211.3,38.7,unknown,54401,12,33.2492,-111.7321,Tier 1 — Top 10%
179,8829b6ce53fffff,0.6443,210.2,36.1,unknown,33758,12,33.7669,-112.1495,Tier 1 — Top 10%
180,8848e979edfffff,0.6443,211.2,26.4,unknown,34088,12,33.2115,-112.0568,Tier 1 — Top 10%
181,8829b6ce67fffff,0.6439,210.2,35.5,unknown,33777,12,33.7676,-112.0894,Tier 1 — Top 10%
182,8848e96233fffff,0.6439,211.0,33.2,unknown,33857,12,33.2292,-112.3161,Tier 1 — Top 10%
183,8829b6cd4dfffff,0.6439,210.2,40.6,unknown,33605,12,33.8099,-112.0102,Tier 1 — Top 10%
184,8848ebb6c9fffff,0.6439,211.2,27.1,unknown,34063,12,33.2092,-112.0183,Tier 1 — Top 10%
185,8848e96b67fffff,0.6439,211.1,18.6,unknown,34356,12,33.2851,-112.0331,Tier 1 — Top 10%
186,8848e96137fffff,0.6439,211.0,20.5,unknown,34289,12,33.2997,-112.2048,Tier 1 — Top 10%
187,8848eba6cdfffff,0.6438,210.9,10.6,unknown,96953,12,33.3752,-112.0016,Tier 1 — Top 10%
188,8848e96897fffff,0.6438,210.8,10.7,unknown,94891,12,33.4050,-112.1764,Tier 1 — Top 10%
189,8848eba303fffff,0.6436,211.2,37.0,unknown,63485,12,33.2894,-111.7234,Tier 1 — Top 10%
190,8848eba24bfffff,0.6436,211.3,33.7,unknown,114859,12,33.2472,-111.8025,Tier 1 — Top 10%
191,8848eba143fffff,0.6436,211.2,37.6,unknown,66035,12,33.3242,-111.6974,Tier 1 — Top 10%
192,8848e97897fffff,0.6434,211.1,25.2,unknown,34128,12,33.2405,-112.1822,Tier 1 — Top 10%
193,8848eb2649fffff,0.6434,210.4,42.0,unknown,33559,12,33.7336,-111.7765,Tier 1 — Top 10%
194,8829b6ce83fffff,0.6434,210.1,42.9,unknown,33527,12,33.8259,-112.1721,Tier 1 — Top 10%
195,8829b6ceb1fffff,0.6434,210.0,44.6,unknown,33471,12,33.8425,-112.1644,Tier 1 — Top 10%
196,8829b6cf25fffff,0.6434,210.2,39.0,unknown,33660,12,33.7947,-112.0072,Tier 1 — Top 10%
197,8848ebaca3fffff,0.6429,210.7,29.4,unknown,33984,12,33.5610,-111.7868,Tier 1 — Top 10%
198,8848e96105fffff,0.6429,211.0,23.0,unknown,34202,12,33.2693,-112.1988,Tier 1 — Top 10%
199,8829b6cc43fffff,0.6429,210.1,40.6,unknown,33606,12,33.8130,-112.0984,Tier 1 — Top 10%
200,8848e96027fffff,0.6429,211.0,25.4,unknown,34121,12,33.2769,-112.2547,Tier 1 — Top 10%
201,8848e96161fffff,0.6429,211.0,23.8,unknown,34176,12,33.2557,-112.1852,Tier 1 — Top 10%
202,8829b6cf55fffff,0.6429,210.2,36.0,unknown,33760,12,33.7721,-112.0575,Tier 1 — Top 10%
203,8848eb3409fffff,0.6429,210.6,37.2,unknown,33722,12,33.6510,-111.7550,Tier 1 — Top 10%
204,8848ebb1a9fffff,0.6425,211.4,40.9,unknown,37992,12,33.2272,-111.7224,Tier 1 — Top 10%
205,8829b6cf09fffff,0.6425,210.2,36.3,unknown,33753,12,33.7736,-112.0469,Tier 1 — Top 10%
206,8848eb355dfffff,0.6425,210.6,41.8,unknown,33567,12,33.6515,-111.6950,Tier 1 — Top 10%
207,8848e962c7fffff,0.6420,211.0,35.5,unknown,33777,12,33.2314,-112.3546,Tier 1 — Top 10%
208,8829b6c485fffff,0.6420,210.0,44.4,unknown,33477,12,33.7994,-112.3036,Tier 1 — Top 10%
209,8848ebb199fffff,0.6420,211.3,37.3,unknown,65729,12,33.2281,-111.7716,Tier 1 — Top 10%
210,8848e961b3fffff,0.6420,210.8,20.9,unknown,34275,12,33.3459,-112.2629,Tier 1 — Top 10%
211,8848ebacebfffff,0.6420,210.8,27.7,unknown,43951,12,33.5292,-111.7915,Tier 1 — Top 10%
212,8848ebb62dfffff,0.6420,211.3,30.8,unknown,33939,12,33.1976,-111.9344,Tier 1 — Top 10%
213,8848e962a9fffff,0.6420,211.0,32.9,unknown,33866,12,33.2496,-112.3365,Tier 1 — Top 10%
214,8848eba309fffff,0.6420,211.3,38.1,unknown,56190,12,33.2742,-111.7205,Tier 1 — Top 10%
215,8848eb26dbfffff,0.6420,210.3,44.1,unknown,33489,12,33.8005,-111.8552,Tier 1 — Top 10%
216,8848e96b53fffff,0.6417,211.1,18.3,unknown,34364,12,33.2844,-112.0928,Tier 1 — Top 10%
217,8848ebb0b3fffff,0.6417,211.3,32.5,unknown,122929,12,33.2443,-111.8237,Tier 1 — Top 10%
218,8829b6c5e9fffff,0.6417,210.1,40.1,unknown,33623,12,33.7881,-112.2193,Tier 1 — Top 10%
219,8848eba409fffff,0.6415,210.9,13.5,unknown,272895,12,33.4077,-111.9371,Tier 1 — Top 10%
220,8829b6cae3fffff,0.6414,210.3,32.4,unknown,33882,12,33.7289,-111.9779,Tier 1 — Top 10%
221,8829b6d8b7fffff,0.6414,210.5,25.4,unknown,34120,12,33.6600,-111.9699,Tier 1 — Top 10%
222,8848ebb1a7fffff,0.6414,211.3,40.4,unknown,41035,12,33.2438,-111.7147,Tier 1 — Top 10%
223,8848ebb1e9fffff,0.6414,211.4,42.5,unknown,33544,12,33.2036,-111.7233,Tier 1 — Top 10%
224,8848ebb181fffff,0.6414,211.3,39.5,unknown,46825,12,33.2242,-111.7436,Tier 1 — Top 10%
225,8848ebb699fffff,0.6409,211.1,22.8,unknown,34209,12,33.2449,-112.0416,Tier 1 — Top 10%
226,8848ebba99fffff,0.6409,211.3,42.1,unknown,33557,12,33.2384,-111.6973,Tier 1 — Top 10%
227,8848eb35c1fffff,0.6409,210.5,42.3,unknown,33548,12,33.6941,-111.7251,Tier 1 — Top 10%
228,8848ebb1c7fffff,0.6409,211.4,40.8,unknown,36934,12,33.2090,-111.7407,Tier 1 — Top 10%
229,8848ebb197fffff,0.6409,211.3,36.6,unknown,76547,12,33.2448,-111.7639,Tier 1 — Top 10%
230,8829b6ce6dfffff,0.6409,210.2,33.8,unknown,33834,12,33.7525,-112.0865,Tier 1 — Top 10%
231,8848eba1e9fffff,0.6404,211.1,34.3,unknown,94680,12,33.3682,-111.7168,Tier 1 — Top 10%
232,8848ebba9bfffff,0.6404,211.3,41.1,unknown,36028,12,33.2453,-111.7041,Tier 1 — Top 10%
233,8848e96e63fffff,0.6404,210.8,22.2,unknown,36381,12,33.3581,-112.2871,Tier 1 — Top 10%
234,8848ebb45bfffff,0.6404,211.2,25.1,unknown,35548,12,33.2387,-111.9750,Tier 1 — Top 10%
235,8848e962adfffff,0.6404,211.0,32.1,unknown,33894,12,33.2512,-112.3259,Tier 1 — Top 10%
236,8829b6c52dfffff,0.6404,210.2,36.1,unknown,33756,12,33.7654,-112.1601,Tier 1 — Top 10%
237,8829b6ce35fffff,0.6404,210.1,38.8,unknown,33666,12,33.7964,-112.1061,Tier 1 — Top 10%
238,8829b6d0e9fffff,0.6404,210.6,10.3,unknown,101962,12,33.5285,-112.1298,Tier 1 — Top 10%
239,8848ebb1d1fffff,0.6401,211.4,38.6,unknown,50835,12,33.2129,-111.7686,Tier 1 — Top 10%
240,8848e978a9fffff,0.6401,211.1,25.8,unknown,34107,12,33.2230,-112.1407,Tier 1 — Top 10%
241,8848ebb0b5fffff,0.6401,211.3,34.1,unknown,102639,12,33.2389,-111.8063,Tier 1 — Top 10%
242,8848eba8bbfffff,0.6398,211.0,39.9,unknown,33630,12,33.4794,-111.6455,Tier 1 — Top 10%
243,8848eba103fffff,0.6398,211.2,36.8,unknown,71444,12,33.3477,-111.6965,Tier 1 — Top 10%
244,8848e9793bfffff,0.6398,211.2,27.2,unknown,34060,12,33.2047,-112.0500,Tier 1 — Top 10%
245,8848ebb193fffff,0.6398,211.3,36.0,unknown,84152,12,33.2433,-111.7745,Tier 1 — Top 10%
246,8848e96a21fffff,0.6398,211.0,18.0,unknown,34376,12,33.2897,-112.1102,Tier 1 — Top 10%
247,8829b6cebdfffff,0.6398,210.0,43.8,unknown,33500,12,33.8357,-112.1576,Tier 1 — Top 10%
248,8829b6c5a7fffff,0.6394,210.0,44.1,unknown,33489,12,33.8282,-112.2108,Tier 1 — Top 10%
249,8848e96b47fffff,0.6394,211.1,19.5,unknown,34324,12,33.2737,-112.0581,Tier 1 — Top 10%
250,8848ebb685fffff,0.6394,211.2,23.8,unknown,34175,12,33.2425,-112.0030,Tier 1 — Top 10%
251,8829b6ced7fffff,0.6394,210.1,42.2,unknown,33553,12,33.8161,-112.1865,Tier 1 — Top 10%
252,8848eba03bfffff,0.6394,211.1,29.8,unknown,236910,12,33.3526,-111.7738,Tier 1 — Top 10%
253,8848e9752dfffff,0.6390,211.1,38.4,unknown,33679,12,33.1927,-112.3524,Tier 1 — Top 10%
254,8829b6c18dfffff,0.6390,210.3,29.9,unknown,33969,12,33.7169,-112.0631,Tier 1 — Top 10%
255,8848ebad3bfffff,0.6390,210.8,36.4,unknown,33747,12,33.5273,-111.6929,Tier 1 — Top 10%
256,8848ebb605fffff,0.6390,211.3,30.3,unknown,33955,12,33.1946,-111.9556,Tier 1 — Top 10%
257,8829b6ced3fffff,0.6390,210.1,42.3,unknown,33549,12,33.8146,-112.1972,Tier 1 — Top 10%
258,8829b6c9a1fffff,0.6387,210.2,44.9,unknown,33462,12,33.8141,-111.8688,Tier 1 — Top 10%
259,8829b6cad7fffff,0.6385,210.3,31.9,unknown,33900,12,33.7312,-112.0167,Tier 1 — Top 10%
260,8848eb26c9fffff,0.6385,210.3,43.7,unknown,33503,12,33.7814,-111.8241,Tier 1 — Top 10%
261,8848ebade9fffff,0.6385,210.8,35.0,unknown,33795,12,33.5327,-111.7103,Tier 1 — Top 10%
262,8848ebb195fffff,0.6385,211.3,37.6,unknown,64991,12,33.2379,-111.7571,Tier 1 — Top 10%
263,8848ebb0b9fffff,0.6385,211.3,33.9,unknown,92493,12,33.2291,-111.8207,Tier 1 — Top 10%
264,8848e96a49fffff,0.6385,211.1,23.3,unknown,34194,12,33.2465,-112.1399,Tier 1 — Top 10%
265,8848eba329fffff,0.6385,211.3,39.5,unknown,44336,12,33.2855,-111.6955,Tier 1 — Top 10%
266,8848e96235fffff,0.6380,211.0,32.5,unknown,33878,12,33.2239,-112.2987,Tier 1 — Top 10%
267,8848eb3547fffff,0.6380,210.6,43.6,unknown,33505,12,33.6545,-111.6737,Tier 1 — Top 10%
268,8829b6ca91fffff,0.6380,210.3,33.5,unknown,33845,12,33.7464,-112.0196,Tier 1 — Top 10%
269,8848ebb087fffff,0.6380,211.3,34.9,unknown,79725,12,33.2222,-111.8140,Tier 1 — Top 10%
270,8829b6cc11fffff,0.6379,210.1,43.9,unknown,33495,12,33.8418,-112.1150,Tier 1 — Top 10%
271,8829b6cc57fffff,0.6376,210.1,42.2,unknown,33552,12,33.8266,-112.1120,Tier 1 — Top 10%
272,8848e96101fffff,0.6376,211.0,23.7,unknown,34180,12,33.2678,-112.2094,Tier 1 — Top 10%
273,8848e96b43fffff,0.6370,211.1,19.6,unknown,34320,12,33.2722,-112.0687,Tier 1 — Top 10%
274,8848e979e1fffff,0.6370,211.2,25.6,unknown,34115,12,33.2184,-112.0636,Tier 1 — Top 10%
275,8829b6cf57fffff,0.6370,210.2,36.8,unknown,33735,12,33.7789,-112.0643,Tier 1 — Top 10%
276,8848eba61bfffff,0.6370,211.0,11.5,unknown,79579,12,33.3684,-111.9948,Tier 1 — Top 10%
277,8848e96e6dfffff,0.6370,210.8,21.8,unknown,34243,12,33.3444,-112.2735,Tier 1 — Top 10%
278,8829b6c923fffff,0.6370,210.3,42.7,unknown,33536,12,33.7731,-111.8280,Tier 1 — Top 10%
279,8848ebb1abfffff,0.6370,211.3,39.9,unknown,44626,12,33.2340,-111.7291,Tier 1 — Top 10%
280,8848eba00bfffff,0.6370,211.1,30.8,unknown,183234,12,33.3290,-111.7747,Tier 1 — Top 10%
281,8829b6cf31fffff,0.6370,210.2,39.8,unknown,33633,12,33.8054,-112.0422,Tier 1 — Top 10%
282,8848e96e05fffff,0.6370,210.8,22.4,unknown,42877,12,33.3649,-112.2939,Tier 1 — Top 10%
283,8829b6ca47fffff,0.6370,210.5,27.5,unknown,34049,12,33.6713,-111.9448,Tier 1 — Top 10%
284,8829b6ce57fffff,0.6370,210.2,36.1,unknown,33758,12,33.7684,-112.1388,Tier 1 — Top 10%
285,8848e96e61fffff,0.6364,210.8,22.0,unknown,34238,12,33.3513,-112.2803,Tier 1 — Top 10%
286,8829b6cae7fffff,0.6364,210.3,32.9,unknown,33867,12,33.7304,-111.9673,Tier 1 — Top 10%
287,8848eba365fffff,0.6364,211.3,41.4,unknown,33580,12,33.2717,-111.6819,Tier 1 — Top 10%
288,8829b6c1b7fffff,0.6364,210.2,34.2,unknown,33824,12,33.7555,-112.0652,Tier 1 — Top 10%
289,8829b6db25fffff,0.6364,210.7,23.9,unknown,89472,12,33.5453,-111.8438,Tier 1 — Top 10%
290,8829b6ca31fffff,0.6364,210.4,31.4,unknown,33918,12,33.7099,-111.9469,Tier 1 — Top 10%
291,8829b6cf2bfffff,0.6364,210.2,38.4,unknown,33680,12,33.7918,-112.0285,Tier 1 — Top 10%
292,8829b6d8a7fffff,0.6364,210.5,25.2,unknown,34129,12,33.6478,-111.9457,Tier 1 — Top 10%
293,8829b6cf0dfffff,0.6364,210.2,36.5,unknown,33744,12,33.7751,-112.0362,Tier 1 — Top 10%
294,8848ebac17fffff,0.6360,210.8,28.5,unknown,36945,12,33.5155,-111.7780,Tier 1 — Top 10%
295,8848e96a1dfffff,0.6360,211.0,19.7,unknown,34316,12,33.2837,-112.1526,Tier 1 — Top 10%
296,8829b6cf01fffff,0.6360,210.2,37.2,unknown,33721,12,33.7819,-112.0430,Tier 1 — Top 10%
297,8848e96123fffff,0.6360,211.0,21.1,unknown,34269,12,33.2860,-112.1912,Tier 1 — Top 10%
298,8848e96215fffff,0.6356,211.0,35.0,unknown,33794,12,33.2125,-112.3237,Tier 1 — Top 10%
299,8848e96d4dfffff,0.6356,210.8,12.6,unknown,64612,12,33.4020,-112.1977,Tier 1 — Top 10%
300,8829b6cc59fffff,0.6356,210.1,40.4,unknown,33612,12,33.8100,-112.1197,Tier 1 — Top 10%
301,8848ebb6cbfffff,0.6356,211.2,26.2,unknown,34093,12,33.2160,-112.0250,Tier 1 — Top 10%
302,8829b6c1b1fffff,0.6356,210.3,33.2,unknown,33855,12,33.7472,-112.0690,Tier 1 — Top 10%
303,8848eb26cdfffff,0.6356,210.3,44.3,unknown,33481,12,33.7829,-111.8135,Tier 1 — Top 10%
304,8829b6c2b7fffff,0.6356,210.3,27.9,unknown,36302,12,33.6867,-112.1664,Tier 1 — Top 10%
305,8848e96e65fffff,0.6352,210.8,21.1,unknown,34270,12,33.3528,-112.2697,Tier 1 — Top 10%
306,8848e97895fffff,0.6352,211.1,25.7,unknown,34112,12,33.2337,-112.1755,Tier 1 — Top 10%
307,8829b6cf5bfffff,0.6352,210.2,35.7,unknown,33772,12,33.7691,-112.0788,Tier 1 — Top 10%
308,8848ebb1b1fffff,0.6352,211.3,38.0,unknown,61443,12,33.2477,-111.7427,Tier 1 — Top 10%
309,8848e96d01fffff,0.6352,210.7,12.2,unknown,70300,12,33.4323,-112.2036,Tier 1 — Top 10%
310,8829b6c445fffff,0.6352,210.2,35.4,unknown,33780,12,33.7284,-112.2567,Tier 1 — Top 10%
311,8829b6d19dfffff,0.6346,210.6,13.1,unknown,58638,12,33.5648,-112.0933,Tier 1 — Top 10%
312,8848e96213fffff,0.6346,211.0,35.7,unknown,33772,12,33.2178,-112.3411,Tier 1 — Top 10%
313,8848e961b1fffff,0.6346,210.9,20.8,unknown,34278,12,33.3391,-112.2561,Tier 1 — Top 10%
314,8848e96351fffff,0.6346,211.1,32.8,unknown,33869,12,33.1981,-112.2610,Tier 1 — Top 10%
315,8829b6d689fffff,0.6346,210.4,28.8,unknown,55233,12,33.5671,-112.3503,Tier 1 — Top 10%
316,8848e96045fffff,0.6346,211.0,30.1,unknown,33961,12,33.2352,-112.2737,Tier 1 — Top 10%
317,8848ebb0a5fffff,0.6346,211.3,36.6,unknown,70502,12,33.2267,-111.7822,Tier 1 — Top 10%
318,8829b6c545fffff,0.6346,210.2,33.8,unknown,33835,12,33.7389,-112.1822,Tier 1 — Top 10%
319,8848e96103fffff,0.6346,211.0,23.4,unknown,34190,12,33.2747,-112.2162,Tier 1 — Top 10%
320,8829b6cd0dfffff,0.6346,210.1,43.2,unknown,33518,12,33.8333,-112.0094,Tier 1 — Top 10%
321,8829b6c0c1fffff,0.6341,210.3,27.6,unknown,34045,12,33.6898,-112.1452,Tier 1 — Top 10%
322,8848ebb0e3fffff,0.6341,211.3,36.8,unknown,58763,12,33.2085,-111.8004,Tier 1 — Top 10%
323,8848eb26d1fffff,0.6341,210.3,44.7,unknown,33469,12,33.8019,-111.8445,Tier 1 — Top 10%
324,8848eb3469fffff,0.6341,210.6,38.2,unknown,33687,12,33.6388,-111.7308,Tier 1 — Top 10%
325,8829b6c75bfffff,0.6341,210.3,31.6,unknown,43489,12,33.6898,-112.2545,Tier 1 — Top 10%
326,8829b6ca33fffff,0.6336,210.4,31.9,unknown,33902,12,33.7167,-111.9537,Tier 1 — Top 10%
327,8848e97985fffff,0.6336,211.1,24.1,unknown,34167,12,33.2320,-112.0772,Tier 1 — Top 10%
328,8848e96b0bfffff,0.6336,211.1,17.9,unknown,34378,12,33.2874,-112.0716,Tier 1 — Top 10%
329,8829b6c5e7fffff,0.6336,210.1,41.6,unknown,33572,12,33.8048,-112.2117,Tier 1 — Top 10%
330,8848e961c7fffff,0.6336,210.9,23.4,unknown,34188,12,33.3005,-112.2539,Tier 1 — Top 10%
331,8848eb3737fffff,0.6332,210.6,41.0,unknown,33594,12,33.6432,-111.6989,Tier 1 — Top 10%
332,8829b6c913fffff,0.6332,210.3,40.5,unknown,33608,12,33.7740,-111.8774,Tier 1 — Top 10%
333,8848e96e89fffff,0.6332,210.7,26.6,unknown,120286,12,33.4028,-112.3559,Tier 1 — Top 10%
334,8829b6c19dfffff,0.6328,210.3,31.2,unknown,33923,12,33.7290,-112.0873,Tier 1 — Top 10%
335,8848e96049fffff,0.6328,211.0,31.8,unknown,33904,12,33.2254,-112.2881,Tier 1 — Top 10%
336,8829b6cf27fffff,0.6328,210.2,39.7,unknown,33638,12,33.8016,-112.0141,Tier 1 — Top 10%
337,8848e96107fffff,0.6328,211.0,22.7,unknown,34213,12,33.2762,-112.2056,Tier 1 — Top 10%
338,8848e97935fffff,0.6328,211.2,27.1,unknown,34064,12,33.2077,-112.0289,Tier 1 — Top 10%
339,8848e97931fffff,0.6328,211.2,27.1,unknown,34062,12,33.2062,-112.0394,Tier 1 — Top 10%
340,8848eb26d9fffff,0.6328,210.3,43.7,unknown,33502,12,33.7936,-111.8484,Tier 1 — Top 10%
341,8848e96f51fffff,0.6328,210.8,19.3,unknown,34329,12,33.3626,-112.2553,Tier 1 — Top 10%
342,8848e96d55fffff,0.6327,210.7,13.7,unknown,51937,12,33.4225,-112.2180,Tier 1 — Top 10%
343,8829b6d60bfffff,0.6322,210.5,23.5,unknown,69050,12,33.5263,-112.3095,Tier 1 — Top 10%
344,8848e961a3fffff,0.6322,210.9,19.9,unknown,34310,12,33.3338,-112.2387,Tier 1 — Top 10%
345,8829b6c70dfffff,0.6322,210.3,30.3,unknown,38876,12,33.6958,-112.2120,Tier 1 — Top 10%
346,8848ebb1bbfffff,0.6322,211.3,37.3,unknown,68887,12,33.2463,-111.7533,Tier 1 — Top 10%
347,8848ebb0abfffff,0.6322,211.3,35.4,unknown,77746,12,33.2237,-111.8034,Tier 1 — Top 10%
348,8848ebb089fffff,0.6322,211.3,35.8,unknown,60436,12,33.2056,-111.8216,Tier 1 — Top 10%
349,8848e978b5fffff,0.6322,211.1,23.7,unknown,34179,12,33.2450,-112.1505,Tier 1 — Top 10%
350,8829b6ce99fffff,0.6322,210.1,43.1,unknown,33523,12,33.8229,-112.1934,Tier 1 — Top 10%
351,8829b6c921fffff,0.6322,210.4,42.4,unknown,33546,12,33.7663,-111.8212,Tier 1 — Top 10%
352,8848ebaf5dfffff,0.6322,211.0,32.1,unknown,55173,12,33.4289,-111.7285,Tier 1 — Top 10%
353,8848e96d39fffff,0.6322,210.7,12.3,unknown,68298,12,33.4475,-112.2066,Tier 1 — Top 10%
354,8848eba249fffff,0.6316,211.3,34.7,unknown,97661,12,33.2404,-111.7957,Tier 1 — Top 10%
355,8829b6c721fffff,0.6316,210.2,31.5,unknown,33912,12,33.7140,-112.1937,Tier 1 — Top 10%
356,8848e9612dfffff,0.6316,211.0,21.8,unknown,34244,12,33.2724,-112.1776,Tier 1 — Top 10%
357,8848ebb1d7fffff,0.6316,211.3,38.2,unknown,55754,12,33.2213,-111.7648,Tier 1 — Top 10%
358,8848e96343fffff,0.6316,211.1,32.5,unknown,33880,12,33.1928,-112.2436,Tier 1 — Top 10%
359,8848eba269fffff,0.6316,211.3,35.7,unknown,90135,12,33.2517,-111.7706,Tier 1 — Top 10%
360,8848ebb615fffff,0.6316,211.2,28.3,unknown,34024,12,33.2068,-111.9797,Tier 1 — Top 10%
361,8848e9621bfffff,0.6316,211.0,36.6,unknown,33741,12,33.2094,-112.3449,Tier 1 — Top 10%
362,8829b6ca8dfffff,0.6316,210.3,32.0,unknown,33896,12,33.7274,-111.9886,Tier 1 — Top 10%
363,8848ebb6d7fffff,0.6308,211.2,23.7,unknown,34180,12,33.2380,-112.0348,Tier 1 — Top 10%
364,8829b6ca39fffff,0.6308,210.4,30.4,unknown,33952,12,33.7016,-111.9507,Tier 1 — Top 10%
365,8829b6c0bdfffff,0.6308,210.2,31.8,unknown,33902,12,33.7298,-112.1367,Tier 1 — Top 10%
366,8848ebb0b1fffff,0.6308,211.3,33.5,unknown,105822,12,33.2374,-111.8169,Tier 1 — Top 10%
367,8848ebb18bfffff,0.6308,211.3,38.9,unknown,51346,12,33.2227,-111.7542,Tier 1 — Top 10%
368,8829b6cf5dfffff,0.6308,210.2,35.1,unknown,33792,12,33.7638,-112.0613,Tier 1 — Top 10%
369,8848ebaf29fffff,0.6308,211.0,35.7,unknown,33770,12,33.4500,-111.6889,Tier 1 — Top 10%
370,8848e96b65fffff,0.6308,211.1,19.4,unknown,34326,12,33.2782,-112.0263,Tier 1 — Top 10%
371,8829b6c865fffff,0.6308,210.4,36.2,unknown,33754,12,33.7340,-111.8860,Tier 1 — Top 10%
372,8848eba155fffff,0.6308,211.2,36.7,unknown,75978,12,33.3310,-111.7042,Tier 1 — Top 10%
373,8848e979a1fffff,0.6308,211.1,23.0,unknown,34204,12,33.2419,-112.0627,Tier 1 — Top 10%
374,8848e9604bfffff,0.6302,211.0,31.6,unknown,33910,12,33.2322,-112.2949,Tier 1 — Top 10%
375,8848ebb4d9fffff,0.6302,211.1,19.5,unknown,34323,12,33.2797,-112.0157,Tier 1 — Top 10%
376,8848ebb5cbfffff,0.6302,211.1,22.9,unknown,104506,12,33.2848,-111.9241,Tier 1 — Top 10%
377,8829b6c441fffff,0.6302,210.2,35.8,unknown,33769,12,33.7268,-112.2673,Tier 1 — Top 10%
378,8848e96b45fffff,0.6302,211.1,20.3,unknown,34296,12,33.2669,-112.0513,Tier 1 — Top 10%
379,8848ebace9fffff,0.6302,210.8,28.1,unknown,40531,12,33.5224,-111.7848,Tier 1 — Top 10%
380,8829b6c9c5fffff,0.6302,210.3,40.9,unknown,33595,12,33.7809,-111.8842,Tier 1 — Top 10%
381,8848eb35c7fffff,0.6297,210.5,43.2,unknown,33519,12,33.7024,-111.7213,Tier 1 — Top 10%
382,8829b6c60bfffff,0.6297,210.2,34.3,unknown,35406,12,33.6905,-112.3038,Tier 1 — Top 10%
383,8848ebaf6bfffff,0.6297,211.0,35.1,unknown,37985,12,33.4334,-111.6966,Tier 1 — Top 10%
384,8829b6c56dfffff,0.6297,210.2,33.6,unknown,33842,12,33.7420,-112.1609,Tier 1 — Top 10%
385,8848ebb0c3fffff,0.6297,211.3,36.2,unknown,52301,12,33.1972,-111.8255,Tier 1 — Top 10%
386,8848ebad11fffff,0.6297,210.9,34.9,unknown,33800,12,33.5175,-111.7074,Tier 1 — Top 10%
387,8848ebace1fffff,0.6297,210.8,28.7,unknown,36054,12,33.5307,-111.7809,Tier 1 — Top 10%
388,8848e97991fffff,0.6293,211.1,23.1,unknown,34199,12,33.2427,-112.1119,Tier 1 — Top 10%
389,8829b6caadfffff,0.6293,210.3,33.9,unknown,33833,12,33.7387,-111.9634,Tier 1 — Top 10%
390,8829b6cb01fffff,0.6293,210.5,33.3,unknown,33852,12,33.6968,-111.8733,Tier 1 — Top 10%
391,8848ebb703fffff,0.6293,211.3,31.1,unknown,54862,12,33.2104,-111.8988,Tier 1 — Top 10%
392,8829b6cd47fffff,0.6293,210.1,42.3,unknown,33551,12,33.8250,-112.0132,Tier 1 — Top 10%
393,8848e979bdfffff,0.6287,211.1,22.4,unknown,34225,12,33.2472,-112.0801,Tier 1 — Top 10%
394,8848ebb6ebfffff,0.6287,211.2,25.5,unknown,34117,12,33.2273,-112.0000,Tier 1 — Top 10%
395,8848e962a1fffff,0.6287,211.0,32.0,unknown,33896,12,33.2580,-112.3327,Tier 1 — Top 10%
396,8848e9620bfffff,0.6287,211.1,36.1,unknown,33757,12,33.1973,-112.3207,Tier 1 — Top 10%
397,8848ebac95fffff,0.6287,210.7,26.6,unknown,52965,12,33.5566,-111.8187,Tier 1 — Top 10%
398,8848e96a2dfffff,0.6287,211.0,18.6,unknown,34354,12,33.2829,-112.1034,Tier 1 — Top 10%
399,8829b6c4d5fffff,0.6287,210.0,44.5,unknown,33474,12,33.7881,-112.3287,Tier 1 — Top 10%
400,8848eba257fffff,0.6280,211.2,31.4,unknown,176161,12,33.2693,-111.8122,Tier 1 — Top 10%
401,8848e97527fffff,0.6280,211.0,37.4,unknown,33714,12,33.2079,-112.3554,Tier 1 — Top 10%
402,8829b6c893fffff,0.6280,210.2,40.9,unknown,33594,12,33.8114,-111.9996,Tier 1 — Top 10%
403,8829b6d927fffff,0.6280,210.6,29.4,unknown,33986,12,33.6104,-111.8237,Tier 1 — Top 10%
404,8848e96219fffff,0.6280,211.0,36.7,unknown,33737,12,33.2026,-112.3381,Tier 1 — Top 10%
405,8848ebb449fffff,0.6280,211.2,28.2,unknown,41695,12,33.2196,-111.9441,Tier 1 — Top 10%
406,8848ebb625fffff,0.6280,211.3,30.1,unknown,39438,12,33.2059,-111.9306,Tier 1 — Top 10%
407,8848eb3407fffff,0.6280,210.6,38.9,unknown,33664,12,33.6677,-111.7473,Tier 1 — Top 10%
408,8829b6ce4dfffff,0.6280,210.2,32.7,unknown,33872,12,33.7412,-112.1116,Tier 1 — Top 10%
409,8848eba133fffff,0.6280,211.1,36.2,unknown,67917,12,33.3712,-111.6956,Tier 1 — Top 10%
410,8848eba611fffff,0.6278,211.0,12.1,unknown,71573,12,33.3699,-111.9842,Tier 1 — Top 10%
411,8829b6c507fffff,0.6275,210.1,37.2,unknown,33720,12,33.7692,-112.1882,Tier 1 — Top 10%
412,8829b6ca97fffff,0.6275,210.3,34.5,unknown,33813,12,33.7547,-112.0158,Tier 1 — Top 10%
413,8848ebb1e3fffff,0.6275,211.4,41.2,unknown,35970,12,33.2188,-111.7262,Tier 1 — Top 10%
414,8829b6ce93fffff,0.6275,210.0,44.8,unknown,33466,12,33.8380,-112.1964,Tier 1 — Top 10%
415,8848e97891fffff,0.6275,211.1,26.2,unknown,34094,12,33.2322,-112.1860,Tier 1 — Top 10%
416,8848e968d9fffff,0.6270,210.9,13.9,unknown,49986,12,33.3649,-112.1849,Tier 1 — Top 10%
417,8848e96881fffff,0.6269,210.8,10.4,unknown,99712,12,33.3846,-112.1561,Tier 1 — Top 10%
418,8848ebb88bfffff,0.6268,211.3,42.8,unknown,33532,12,33.2913,-111.6530,Tier 1 — Top 10%
419,8848eba18bfffff,0.6268,211.1,31.0,unknown,121502,12,33.3873,-111.7478,Tier 1 — Top 10%
420,8829b6cf67fffff,0.6268,210.2,37.1,unknown,33725,12,33.7781,-112.0149,Tier 1 — Top 10%
421,8848e96145fffff,0.6268,211.1,25.4,unknown,34122,12,33.2458,-112.1996,Tier 1 — Top 10%
422,8848eb340dfffff,0.6268,210.6,38.1,unknown,33692,12,33.6525,-111.7444,Tier 1 — Top 10%
423,8829b6c413fffff,0.6268,210.1,41.2,unknown,33584,12,33.7692,-112.2976,Tier 1 — Top 10%
424,8829b6c5d7fffff,0.6268,210.0,43.3,unknown,33515,12,33.8055,-112.2611,Tier 1 — Top 10%
425,8848e960e7fffff,0.6268,210.9,26.8,unknown,34072,12,33.3012,-112.3031,Tier 1 — Top 10%
426,8829b6c55bfffff,0.6268,210.2,36.2,unknown,33753,12,33.7480,-112.2278,Tier 1 — Top 10%
427,8848e96e6bfffff,0.6268,210.8,22.9,unknown,34206,12,33.3497,-112.2909,Tier 1 — Top 10%
428,8848ebb1c3fffff,0.6258,211.4,40.2,unknown,40112,12,33.2076,-111.7513,Tier 1 — Top 10%
429,8848eba101fffff,0.6258,211.2,37.6,unknown,63515,12,33.3408,-111.6897,Tier 1 — Top 10%
430,8848eba35bfffff,0.6258,211.3,35.9,unknown,86236,12,33.2698,-111.7523,Tier 1 — Top 10%
431,8848eba89bfffff,0.6258,211.0,37.5,unknown,33711,12,33.4681,-111.6706,Tier 1 — Top 10%
432,8848eba1bdfffff,0.6258,211.0,32.3,unknown,78380,12,33.4054,-111.7294,Tier 1 — Top 10%
433,8848e962abfffff,0.6258,210.9,32.9,unknown,33867,12,33.2565,-112.3433,Tier 1 — Top 10%
434,8848e979c5fffff,0.6258,211.2,26.7,unknown,34078,12,33.2085,-112.0780,Tier 1 — Top 10%
435,8848ebb0e7fffff,0.6258,211.3,37.4,unknown,56723,12,33.2100,-111.7898,Tier 1 — Top 10%
436,8829b6c097fffff,0.6258,210.2,32.8,unknown,33869,12,33.7336,-112.1648,Tier 1 — Top 10%
437,8829b6c187fffff,0.6258,210.3,31.5,unknown,33912,12,33.7320,-112.0660,Tier 1 — Top 10%
438,8848e96d63fffff,0.6257,210.8,10.7,unknown,94491,12,33.4270,-112.1862,Tier 1 — Top 10%
439,8848e968edfffff,0.6253,210.9,10.4,unknown,100775,12,33.3656,-112.1251,Tier 1 — Top 10%
440,8848ebaacbfffff,0.6252,211.1,38.0,unknown,48702,12,33.3741,-111.6743,Tier 1 — Top 10%
441,8848eb356bfffff,0.6252,210.6,44.5,unknown,33474,12,33.6559,-111.6631,Tier 1 — Top 10%
442,8848e9793dfffff,0.6252,211.2,28.0,unknown,34034,12,33.1993,-112.0327,Tier 1 — Top 10%
443,8829b6c9b9fffff,0.6248,210.2,44.2,unknown,33484,12,33.8180,-111.8969,Tier 1 — Top 10%
444,8848e97893fffff,0.6246,211.1,25.8,unknown,34109,12,33.2390,-112.1928,Tier 1 — Top 10%
445,8848eb340bfffff,0.6246,210.6,37.1,unknown,33723,12,33.6579,-111.7618,Tier 1 — Top 10%
446,8848e97881fffff,0.6246,211.1,26.7,unknown,34078,12,33.2200,-112.1619,Tier 1 — Top 10%
447,8848eb3681fffff,0.6246,210.6,32.0,unknown,33895,12,33.6490,-111.8257,Tier 1 — Top 10%
448,8848e96337fffff,0.6246,211.0,27.3,unknown,34057,12,33.2413,-112.2314,Tier 1 — Top 10%
449,8848ebb099fffff,0.6246,211.3,33.3,unknown,77595,12,33.2178,-111.8458,Tier 1 — Top 10%
450,8848ebadcdfffff,0.6246,210.8,33.4,unknown,33848,12,33.5229,-111.7248,Tier 1 — Top 10%
451,8848ebb09bfffff,0.6246,211.3,32.3,unknown,87355,12,33.2246,-111.8525,Tier 1 — Top 10%
452,8848eb3585fffff,0.6239,210.5,44.9,unknown,33460,12,33.7190,-111.7135,Tier 1 — Top 10%
453,8848ebb6e3fffff,0.6239,211.2,24.7,unknown,34144,12,33.2357,-111.9962,Tier 1 — Top 10%
454,8829b6ce25fffff,0.6239,210.2,37.4,unknown,33715,12,33.7843,-112.0818,Tier 1 — Top 10%
455,8848eba141fffff,0.6239,211.2,38.5,unknown,57135,12,33.3173,-111.6907,Tier 1 — Top 10%
456,8829b6c1a7fffff,0.6239,210.3,32.9,unknown,33865,12,33.7434,-112.0409,Tier 1 — Top 10%
457,8848eb35d1fffff,0.6239,210.5,41.6,unknown,33574,12,33.7063,-111.7493,Tier 1 — Top 10%
458,8848eb354bfffff,0.6239,210.6,41.9,unknown,33563,12,33.6447,-111.6883,Tier 1 — Top 10%
459,8848ebb18dfffff,0.6239,211.4,40.5,unknown,39738,12,33.2174,-111.7368,Tier 1 — Top 10%
460,8848ebb187fffff,0.6239,211.3,39.2,unknown,49815,12,33.2326,-111.7397,Tier 1 — Top 10%
461,8829b6d0a9fffff,0.6232,210.6,12.6,unknown,64453,12,33.5520,-112.1290,Tier 1 — Top 10%
462,8829b6ce37fffff,0.6231,210.1,39.6,unknown,33639,12,33.8032,-112.1129,Tier 1 — Top 10%
463,8848e96117fffff,0.6231,211.0,22.9,unknown,34206,12,33.2883,-112.2298,Tier 1 — Top 10%
464,8829b6c5adfffff,0.6231,210.1,42.4,unknown,33546,12,33.8131,-112.2078,Tier 1 — Top 10%
465,8848ebb08dfffff,0.6231,211.3,36.3,unknown,60027,12,33.2070,-111.8110,Tier 1 — Top 10%
466,8829b6c9ebfffff,0.6231,210.3,41.9,unknown,33562,12,33.7892,-111.8803,Tier 1 — Top 10%
467,8848ebacd9fffff,0.6231,210.8,23.8,unknown,96690,12,33.5233,-111.8341,Tier 1 — Top 10%
468,8829b6c8d3fffff,0.6231,210.2,38.4,unknown,33681,12,33.7879,-112.0004,Tier 1 — Top 10%
469,8848e978b7fffff,0.6231,211.1,23.2,unknown,34197,12,33.2519,-112.1573,Tier 1 — Top 10%
470,8848eba32bfffff,0.6231,211.3,38.6,unknown,52141,12,33.2923,-111.7022,Tier 1 — Top 10%
471,8848ebb451fffff,0.6231,211.2,25.3,unknown,41468,12,33.2401,-111.9644,Tier 1 — Top 10%
472,8848e968e9fffff,0.6230,210.9,11.0,unknown,88873,12,33.3641,-112.1357,Tier 1 — Top 10%
473,8848e961a1fffff,0.6225,210.9,19.9,unknown,34309,12,33.3270,-112.2319,Tier 1 — Top 10%
474,8848eba1c5fffff,0.6225,211.1,33.4,unknown,111762,12,33.3668,-111.7274,Tier 1 — Top 10%
475,8848ebaf25fffff,0.6225,211.0,37.1,unknown,33724,12,33.4598,-111.6745,Tier 1 — Top 10%
476,8848ebb757fffff,0.6225,211.3,31.3,unknown,42047,12,33.2006,-111.9132,Tier 1 — Top 10%
477,8829b6db29fffff,0.6225,210.7,22.2,unknown,126371,12,33.5355,-111.8583,Tier 1 — Top 10%
478,8848e96d49fffff,0.6222,210.8,13.6,unknown,53229,12,33.4005,-112.2083,Tier 1 — Top 10%
479,8848eb3545fffff,0.6220,210.7,43.7,unknown,33500,12,33.6476,-111.6670,Tier 2 — Top 25%
480,8848eb3763fffff,0.6220,210.7,40.0,unknown,33627,12,33.6061,-111.6863,Tier 2 — Top 25%
481,8848e979ebfffff,0.6220,211.2,25.7,unknown,34110,12,33.2169,-112.0742,Tier 2 — Top 25%
482,8848ebaeb5fffff,0.6216,210.8,24.5,unknown,82156,12,33.5096,-111.8205,Tier 2 — Top 25%
483,8829b6c92bfffff,0.6216,210.4,41.7,unknown,33568,12,33.7648,-111.8318,Tier 2 — Top 25%
484,8829b6c85dfffff,0.6216,210.4,33.4,unknown,33851,12,33.7265,-111.9392,Tier 2 — Top 25%
485,8829b6cc25fffff,0.6215,210.1,43.9,unknown,33497,12,33.8425,-112.0549,Tier 2 — Top 25%
486,8848e96d37fffff,0.6214,210.7,11.7,unknown,76658,12,33.4642,-112.1990,Tier 2 — Top 25%
487,8848eba639fffff,0.6211,211.0,13.3,unknown,94810,12,33.3729,-111.9630,Tier 2 — Top 25%
488,8848e9618dfffff,0.6209,210.9,22.5,unknown,34219,12,33.3088,-112.2501,Tier 2 — Top 25%
489,8829b6cf6bfffff,0.6209,210.2,35.8,unknown,33768,12,33.7683,-112.0294,Tier 2 — Top 25%
490,8829b6c467fffff,0.6209,210.2,36.5,unknown,33745,12,33.7465,-112.2384,Tier 2 — Top 25%
491,8848e96b5dfffff,0.6209,211.1,19.8,unknown,34314,12,33.2707,-112.0793,Tier 2 — Top 25%
492,8829b6ce91fffff,0.6209,210.0,43.9,unknown,33496,12,33.8312,-112.1895,Tier 2 — Top 25%
493,8829b6ce55fffff,0.6209,210.2,35.2,unknown,33787,12,33.7616,-112.1320,Tier 2 — Top 25%
494,8848eb329bfffff,0.6209,210.8,38.2,unknown,33688,12,33.5743,-111.6911,Tier 2 — Top 25%
495,8848eba147fffff,0.6209,211.2,38.5,unknown,57039,12,33.3256,-111.6868,Tier 2 — Top 25%
496,8848ebae25fffff,0.6209,211.0,30.2,unknown,45020,12,33.4495,-111.7488,Tier 2 — Top 25%
497,8829b6cec1fffff,0.6200,210.1,39.5,unknown,33642,12,33.7957,-112.1661,Tier 2 — Top 25%
498,8848e97995fffff,0.6200,211.1,22.8,unknown,34209,12,33.2442,-112.1013,Tier 2 — Top 25%
499,8848eb26c1fffff,0.6200,210.3,44.6,unknown,33470,12,33.7898,-111.8203,Tier 2 — Top 25%
500,8848eba321fffff,0.6200,211.3,39.5,unknown,46568,12,33.2938,-111.6916,Tier 2 — Top 25%
501,8829b6caedfffff,0.6200,210.4,31.4,unknown,33918,12,33.7152,-111.9643,Tier 2 — Top 25%
502,8829b6c9cdfffff,0.6200,210.3,39.9,unknown,33628,12,33.7726,-111.8880,Tier 2 — Top 25%
503,8848ebacd1fffff,0.6200,210.8,24.4,unknown,84245,12,33.5316,-111.8302,Tier 2 — Top 25%
504,8829b6c423fffff,0.6200,210.1,39.1,unknown,33657,12,33.7684,-112.2482,Tier 2 — Top 25%
505,8848eb3543fffff,0.6200,210.6,42.7,unknown,33536,12,33.6530,-111.6844,Tier 2 — Top 25%
506,8829b6d485fffff,0.6200,210.3,30.1,unknown,68984,12,33.6353,-112.3093,Tier 2 — Top 25%
507,8848ebb081fffff,0.6200,211.3,35.3,unknown,69577,12,33.2139,-111.8178,Tier 2 — Top 25%
508,8848eb3589fffff,0.6200,210.5,43.2,unknown,33518,12,33.7092,-111.7281,Tier 2 — Top 25%
509,8848e9606dfffff,0.6193,211.0,28.7,unknown,34010,12,33.2383,-112.2526,Tier 2 — Top 25%
510,8848e962a5fffff,0.6193,211.0,31.2,unknown,33925,12,33.2595,-112.3221,Tier 2 — Top 25%
511,8848eb351bfffff,0.6193,210.6,42.3,unknown,33547,12,33.6804,-111.7115,Tier 2 — Top 25%
512,8829b6c5a9fffff,0.6193,210.1,42.5,unknown,33541,12,33.8116,-112.2185,Tier 2 — Top 25%
513,8848eba113fffff,0.6193,211.1,34.2,unknown,103326,12,33.3599,-111.7207,Tier 2 — Top 25%
514,8829b6d1ebfffff,0.6191,210.6,10.9,unknown,90645,12,33.5458,-112.0622,Tier 2 — Top 25%
515,8829b6d949fffff,0.6186,210.7,23.6,unknown,87644,12,33.5590,-111.8574,Tier 2 — Top 25%
516,8848e960a7fffff,0.6186,210.9,25.3,unknown,34126,12,33.3247,-112.3023,Tier 2 — Top 25%
517,8829b6c969fffff,0.6186,210.4,39.2,unknown,33652,12,33.7345,-111.8259,Tier 2 — Top 25%
518,8829b6d4a3fffff,0.6186,210.3,30.9,unknown,60657,12,33.6519,-112.3016,Tier 2 — Top 25%
519,8848eb3501fffff,0.6186,210.6,44.3,unknown,33483,12,33.6696,-111.6767,Tier 2 — Top 25%
520,8829b6c93dfffff,0.6186,210.3,42.0,unknown,33558,12,33.7717,-111.8386,Tier 2 — Top 25%
521,8848e962a3fffff,0.6186,210.9,32.0,unknown,33896,12,33.2648,-112.3395,Tier 2 — Top 25%
522,8848ebac57fffff,0.6186,210.9,27.8,unknown,39107,12,33.4921,-111.7789,Tier 2 — Top 25%
523,8848ebb711fffff,0.6186,211.3,29.7,unknown,52093,12,33.2157,-111.9161,Tier 2 — Top 25%
524,8829b6cb31fffff,0.6186,210.4,35.5,unknown,33777,12,33.7203,-111.8724,Tier 2 — Top 25%
525,8829b6c9e9fffff,0.6186,210.3,41.5,unknown,33575,12,33.7823,-111.8735,Tier 2 — Top 25%
526,8829b6c195fffff,0.6186,210.3,32.1,unknown,33892,12,33.7374,-112.0835,Tier 2 — Top 25%
527,8848ebad47fffff,0.6186,210.9,36.8,unknown,33734,12,33.4901,-111.6803,Tier 2 — Top 25%
528,8848ebacc9fffff,0.6186,210.8,25.5,unknown,67277,12,33.5111,-111.8099,Tier 2 — Top 25%
529,8829b6d0c7fffff,0.6182,210.6,11.7,unknown,77454,12,33.5338,-112.1472,Tier 2 — Top 25%
530,8848e961c9fffff,0.6179,211.0,25.3,unknown,34126,12,33.2838,-112.2615,Tier 2 — Top 25%
531,8829b6c747fffff,0.6179,210.3,29.7,unknown,44671,12,33.6875,-112.2158,Tier 2 — Top 25%
532,8848eb353bfffff,0.6179,210.6,45.0,unknown,33460,12,33.6916,-111.6864,Tier 2 — Top 25%
533,8848ebadcbfffff,0.6179,210.8,32.0,unknown,33896,12,33.5283,-111.7422,Tier 2 — Top 25%
534,8848e9681bfffff,0.6177,210.9,12.9,unknown,60095,12,33.3474,-112.1433,Tier 2 — Top 25%
535,8829b6d087fffff,0.6176,210.5,13.8,unknown,70892,12,33.5573,-112.1464,Tier 2 — Top 25%
536,8848ebacabfffff,0.6175,210.8,28.7,unknown,35454,12,33.5527,-111.7906,Tier 2 — Top 25%
537,8848eb261dfffff,0.6172,210.4,44.5,unknown,33475,12,33.7707,-111.7892,Tier 2 — Top 25%
538,8848eb2609fffff,0.6172,210.4,44.1,unknown,33490,12,33.7571,-111.7756,Tier 2 — Top 25%
539,8829b6cc17fffff,0.6172,210.0,44.8,unknown,33465,12,33.8501,-112.1112,Tier 2 — Top 25%
540,8829b6ca05fffff,0.6172,210.4,29.5,unknown,33982,12,33.6879,-111.9371,Tier 2 — Top 25%
541,8848eb3417fffff,0.6172,210.5,38.0,unknown,33692,12,33.6799,-111.7716,Tier 2 — Top 25%
542,8829b6c959fffff,0.6172,210.4,36.8,unknown,33733,12,33.7354,-111.8753,Tier 2 — Top 25%
543,8829b6c503fffff,0.6172,210.1,37.3,unknown,33716,12,33.7677,-112.1989,Tier 2 — Top 25%
544,8848e9623bfffff,0.6172,211.0,34.1,unknown,33826,12,33.2208,-112.3199,Tier 2 — Top 25%
545,8848ebb0d1fffff,0.6172,211.3,34.8,unknown,58636,12,33.2026,-111.8428,Tier 2 — Top 25%
546,8848ebaf63fffff,0.6172,211.0,35.4,unknown,33782,12,33.4417,-111.6928,Tier 2 — Top 25%
547,8848eba4a3fffff,0.6165,210.8,11.0,unknown,290114,12,33.4820,-111.9624,Tier 2 — Top 25%
548,8848ebb5cdfffff,0.6163,211.2,24.4,unknown,129474,12,33.2794,-111.9067,Tier 2 — Top 25%
549,8848ebb541fffff,0.6163,211.3,30.3,unknown,107412,12,33.2383,-111.8661,Tier 2 — Top 25%
550,8848e978a3fffff,0.6163,211.1,24.3,unknown,34161,12,33.2382,-112.1437,Tier 2 — Top 25%
551,8848eba137fffff,0.6163,211.1,37.1,unknown,57515,12,33.3726,-111.6850,Tier 2 — Top 25%
552,8848ebb547fffff,0.6163,211.2,29.8,unknown,126680,12,33.2467,-111.8622,Tier 2 — Top 25%
553,8848eb361bfffff,0.6163,210.6,30.3,unknown,33956,12,33.6119,-111.8130,Tier 2 — Top 25%
554,8829b6c481fffff,0.6163,210.0,44.8,unknown,33466,12,33.7979,-112.3143,Tier 2 — Top 25%
555,8848eb3647fffff,0.6163,210.7,31.6,unknown,33909,12,33.5860,-111.7752,Tier 2 — Top 25%
556,8848ebb71dfffff,0.6163,211.3,30.7,unknown,49515,12,33.2089,-111.9094,Tier 2 — Top 25%
557,8848ebb61bfffff,0.6163,211.2,28.0,unknown,34032,12,33.2038,-112.0009,Tier 2 — Top 25%
558,8848e961a9fffff,0.6163,210.9,20.8,unknown,34278,12,33.3186,-112.2357,Tier 2 — Top 25%
559,8848ebad13fffff,0.6163,210.8,34.4,unknown,33815,12,33.5244,-111.7142,Tier 2 — Top 25%
560,8848ebb6b7fffff,0.6163,211.1,20.4,unknown,34291,12,33.2729,-112.0089,Tier 2 — Top 25%
561,8829b6c84dfffff,0.6163,210.4,33.0,unknown,33861,12,33.7144,-111.9149,Tier 2 — Top 25%
562,8848eba243fffff,0.6163,211.3,33.4,unknown,126888,12,33.2556,-111.7986,Tier 2 — Top 25%
563,8848e96e8dfffff,0.6163,210.7,25.7,unknown,120058,12,33.4043,-112.3453,Tier 2 — Top 25%
564,8848e96967fffff,0.6155,211.0,13.3,unknown,56409,12,33.3434,-112.0063,Tier 2 — Top 25%
565,8848eba433fffff,0.6155,210.9,12.5,unknown,252064,12,33.4463,-111.9391,Tier 2 — Top 25%
566,8829b6992bfffff,0.6153,210.5,27.8,unknown,40585,12,33.5270,-112.3587,Tier 2 — Top 25%
567,8848e96113fffff,0.6153,211.0,23.7,unknown,34180,12,33.2868,-112.2403,Tier 2 — Top 25%
568,8848ebb085fffff,0.6153,211.3,35.9,unknown,68522,12,33.2154,-111.8072,Tier 2 — Top 25%
569,8848eb34b1fffff,0.6153,210.4,40.5,unknown,33610,12,33.7307,-111.7978,Tier 2 — Top 25%
570,8848e96855fffff,0.6153,211.0,14.3,unknown,46245,12,33.3269,-112.1229,Tier 2 — Top 25%
571,8848eba131fffff,0.6153,211.1,37.0,unknown,62702,12,33.3643,-111.6888,Tier 2 — Top 25%
572,8848eb3509fffff,0.6153,210.6,43.5,unknown,33510,12,33.6613,-111.6805,Tier 2 — Top 25%
573,8829b6ca17fffff,0.6153,210.4,30.4,unknown,33952,12,33.7069,-111.9682,Tier 2 — Top 25%
574,8848eba145fffff,0.6153,211.2,39.3,unknown,49555,12,33.3188,-111.6801,Tier 2 — Top 25%
575,8829b6c841fffff,0.6153,210.4,33.5,unknown,33847,12,33.7212,-111.9217,Tier 2 — Top 25%
576,8848ebb0bdfffff,0.6153,211.3,34.5,unknown,90808,12,33.2306,-111.8101,Tier 2 — Top 25%
577,8829b6cc51fffff,0.6143,210.1,41.3,unknown,33582,12,33.8183,-112.1159,Tier 2 — Top 25%
578,8848e96d45fffff,0.6143,210.8,11.9,unknown,74060,12,33.4104,-112.1938,Tier 2 — Top 25%
579,8848e96263fffff,0.6143,211.1,34.9,unknown,33799,12,33.1935,-112.2927,Tier 2 — Top 25%
580,8829b6ca9bfffff,0.6143,210.3,33.2,unknown,33856,12,33.7449,-112.0303,Tier 2 — Top 25%
581,8848ebb44bfffff,0.6143,211.2,27.2,unknown,42122,12,33.2265,-111.9509,Tier 2 — Top 25%
582,8829b6c4cdfffff,0.6143,210.1,41.6,unknown,33572,12,33.7677,-112.3082,Tier 2 — Top 25%
583,8848ebb549fffff,0.6143,211.3,30.8,unknown,91065,12,33.2300,-111.8699,Tier 2 — Top 25%
584,8848e96047fffff,0.6143,211.0,29.9,unknown,33968,12,33.2421,-112.2805,Tier 2 — Top 25%
585,8848e978cbfffff,0.6143,211.2,29.7,unknown,33976,12,33.1950,-112.1733,Tier 2 — Top 25%
586,8848e9788bfffff,0.6143,211.1,27.2,unknown,34062,12,33.2185,-112.1725,Tier 2 — Top 25%
587,8829b6ce19fffff,0.6136,210.2,36.9,unknown,33729,12,33.7752,-112.1456,Tier 2 — Top 25%
588,8848ebb1d9fffff,0.6136,211.4,39.0,unknown,45947,12,33.2046,-111.7725,Tier 2 — Top 25%
589,8848e96a67fffff,0.6136,211.1,19.6,unknown,34321,12,33.2746,-112.1072,Tier 2 — Top 25%
590,8848ebb185fffff,0.6136,211.3,40.2,unknown,42337,12,33.2257,-111.7330,Tier 2 — Top 25%
591,8848ebaca7fffff,0.6136,210.7,30.4,unknown,33951,12,33.5625,-111.7761,Tier 2 — Top 25%
592,8848e979dbfffff,0.6136,211.1,26.1,unknown,34099,12,33.2177,-112.1233,Tier 2 — Top 25%
593,8829b6c631fffff,0.6130,210.2,35.9,unknown,33763,12,33.7155,-112.2924,Tier 2 — Top 25%
594,8848ebb63bfffff,0.6130,211.2,27.5,unknown,34050,12,33.2151,-111.9759,Tier 2 — Top 25%
595,8848eb35e9fffff,0.6130,210.5,44.0,unknown,33490,12,33.6970,-111.7038,Tier 2 — Top 25%
596,8848e96109fffff,0.6130,211.0,24.7,unknown,34146,12,33.2595,-112.2132,Tier 2 — Top 25%
597,8848ebadadfffff,0.6130,210.8,36.9,unknown,33732,12,33.5576,-111.6988,Tier 2 — Top 25%
598,8848e96851fffff,0.6130,211.0,14.8,unknown,41856,12,33.3254,-112.1335,Tier 2 — Top 25%
599,8848ebb721fffff,0.6130,211.3,32.3,unknown,70244,12,33.2148,-111.8670,Tier 2 — Top 25%
600,8848e97923fffff,0.6130,211.2,27.9,unknown,34034,12,33.2008,-112.0221,Tier 2 — Top 25%
601,8829b6d0cbfffff,0.6127,210.6,11.7,unknown,77185,12,33.5240,-112.1617,Tier 2 — Top 25%
602,8829b6c663fffff,0.6122,210.2,32.4,unknown,42979,12,33.6867,-112.2758,Tier 2 — Top 25%
603,8848eba307fffff,0.6122,211.2,37.8,unknown,57851,12,33.2909,-111.7128,Tier 2 — Top 25%
604,8829b6c501fffff,0.6122,210.2,36.4,unknown,33747,12,33.7609,-112.1920,Tier 2 — Top 25%
605,8848e979d1fffff,0.6122,211.1,25.7,unknown,34110,12,33.2192,-112.1127,Tier 2 — Top 25%
606,8848ebb0a3fffff,0.6122,211.3,35.1,unknown,87550,12,33.2320,-111.7995,Tier 2 — Top 25%
607,8829b6d6b5fffff,0.6122,210.4,29.5,unknown,66068,12,33.6004,-112.3351,Tier 2 — Top 25%
608,8848ebadc7fffff,0.6122,210.8,33.6,unknown,33842,12,33.5381,-111.7277,Tier 2 — Top 25%
609,8848ebad5bfffff,0.6122,210.9,33.3,unknown,33853,12,33.4926,-111.7190,Tier 2 — Top 25%
610,8848ebaacdfffff,0.6122,211.1,39.7,unknown,38045,12,33.3687,-111.6570,Tier 2 — Top 25%
611,8848eb3497fffff,0.6122,210.4,39.0,unknown,33660,12,33.7277,-111.8191,Tier 2 — Top 25%
612,8848e96b49fffff,0.6122,211.1,21.3,unknown,34262,12,33.2571,-112.0657,Tier 2 — Top 25%
613,8848e96229fffff,0.6122,211.1,33.9,unknown,33832,12,33.2019,-112.2889,Tier 2 — Top 25%
614,8848e962c5fffff,0.6122,211.0,35.6,unknown,33775,12,33.2246,-112.3479,Tier 2 — Top 25%
615,8848e9631dfffff,0.6122,211.1,30.9,unknown,33935,12,33.2148,-112.2534,Tier 2 — Top 25%
616,8829b6ce1dfffff,0.6122,210.2,36.9,unknown,33729,12,33.7767,-112.1350,Tier 2 — Top 25%
617,8829b6cd01fffff,0.6122,210.1,43.9,unknown,33496,12,33.8401,-112.0162,Tier 2 — Top 25%
618,8848eba115fffff,0.6122,211.1,36.0,unknown,79560,12,33.3545,-111.7033,Tier 2 — Top 25%
619,8848eba123fffff,0.6111,211.2,38.7,unknown,48439,12,33.3589,-111.6714,Tier 2 — Top 25%
620,8848e979e3fffff,0.6111,211.2,24.8,unknown,34141,12,33.2252,-112.0704,Tier 2 — Top 25%
621,8848e961abfffff,0.6111,210.9,20.8,unknown,34280,12,33.3255,-112.2425,Tier 2 — Top 25%
622,8848e96e57fffff,0.6111,210.8,25.3,unknown,50358,12,33.3603,-112.3257,Tier 2 — Top 25%
623,8848ebad4dfffff,0.6111,210.9,36.9,unknown,33730,12,33.4750,-111.6774,Tier 2 — Top 25%
624,8848e96b41fffff,0.6111,211.1,20.4,unknown,34293,12,33.2654,-112.0619,Tier 2 — Top 25%
625,8829b6ca99fffff,0.6111,210.3,32.5,unknown,33878,12,33.7380,-112.0235,Tier 2 — Top 25%
626,8848e96043fffff,0.6111,211.0,30.7,unknown,33942,12,33.2405,-112.2911,Tier 2 — Top 25%
627,8848eba001fffff,0.6111,211.2,31.6,unknown,170438,12,33.3305,-111.7641,Tier 2 — Top 25%
628,8829b6c517fffff,0.6111,210.1,39.2,unknown,33654,12,33.7813,-112.2125,Tier 2 — Top 25%
629,8848ebb6cdfffff,0.6111,211.2,27.1,unknown,34062,12,33.2107,-112.0077,Tier 2 — Top 25%
630,8848e96183fffff,0.6104,210.9,22.5,unknown,34220,12,33.3224,-112.2637,Tier 2 — Top 25%
631,8848ebb42dfffff,0.6104,211.2,26.4,unknown,99966,12,33.2559,-111.9076,Tier 2 — Top 25%
632,8848e979cbfffff,0.6104,211.2,27.1,unknown,34063,12,33.2055,-112.0992,Tier 2 — Top 25%
633,8848ebaca5fffff,0.6104,210.8,30.7,unknown,33942,12,33.5557,-111.7694,Tier 2 — Top 25%
634,8829b6c92dfffff,0.6104,210.4,42.1,unknown,33555,12,33.7595,-111.8144,Tier 2 — Top 25%
635,8829b6ce01fffff,0.6104,210.2,36.1,unknown,33756,12,33.7714,-112.1175,Tier 2 — Top 25%
636,8848eb3491fffff,0.6104,210.4,38.1,unknown,33692,12,33.7194,-111.8230,Tier 2 — Top 25%
637,8829b6da19fffff,0.6103,210.7,12.1,unknown,171235,12,33.5260,-111.9819,Tier 2 — Top 25%
638,8829b6ce89fffff,0.6098,210.1,41.2,unknown,33584,12,33.8108,-112.1691,Tier 2 — Top 25%
639,8848ebb55bfffff,0.6098,211.2,27.4,unknown,98255,12,33.2491,-111.9008,Tier 2 — Top 25%
640,8848eb3705fffff,0.6098,210.7,39.8,unknown,33634,12,33.6129,-111.6930,Tier 2 — Top 25%
641,8848ebb1a1fffff,0.6098,211.3,40.6,unknown,39706,12,33.2355,-111.7185,Tier 2 — Top 25%
642,8829b6caebfffff,0.6098,210.4,31.4,unknown,33915,12,33.7206,-111.9818,Tier 2 — Top 25%
643,8848eba11bfffff,0.6098,211.1,34.2,unknown,110534,12,33.3516,-111.7245,Tier 2 — Top 25%
644,8848e96f4bfffff,0.6098,210.9,19.1,unknown,34337,12,33.3490,-112.2417,Tier 2 — Top 25%
645,8829b6c665fffff,0.6098,210.3,31.0,unknown,49191,12,33.6815,-112.2583,Tier 2 — Top 25%
646,8848eb3597fffff,0.6091,210.4,44.4,unknown,33480,12,33.7380,-111.7446,Tier 2 — Top 25%
647,8829b6cd0bfffff,0.6091,210.1,43.6,unknown,33505,12,33.8386,-112.0268,Tier 2 — Top 25%
648,8848ebac97fffff,0.6090,210.7,26.4,unknown,53407,12,33.5634,-111.8255,Tier 2 — Top 25%
649,8848ebb19bfffff,0.6090,211.3,36.3,unknown,77485,12,33.2350,-111.7783,Tier 2 — Top 25%
650,8848e97997fffff,0.6090,211.1,22.2,unknown,34232,12,33.2510,-112.1081,Tier 2 — Top 25%
651,8848e96327fffff,0.6090,211.1,27.3,unknown,34055,12,33.2291,-112.2072,Tier 2 — Top 25%
652,8829b6c6adfffff,0.6090,210.1,39.4,unknown,33645,12,33.7442,-112.3090,Tier 2 — Top 25%
653,8829b6c917fffff,0.6090,210.3,41.1,unknown,33588,12,33.7755,-111.8667,Tier 2 — Top 25%
654,8848ebbab3fffff,0.6090,211.3,42.3,unknown,33549,12,33.2649,-111.6752,Tier 2 — Top 25%
655,8848e978a5fffff,0.6090,211.1,24.5,unknown,34154,12,33.2329,-112.1263,Tier 2 — Top 25%
656,8848ebad37fffff,0.6090,210.8,38.0,unknown,33694,12,33.5371,-111.6784,Tier 2 — Top 25%
657,8848ebad15fffff,0.6090,210.9,35.9,unknown,33766,12,33.5190,-111.6968,Tier 2 — Top 25%
658,8829b6c465fffff,0.6090,210.2,35.5,unknown,33777,12,33.7397,-112.2316,Tier 2 — Top 25%
659,8829b6c537fffff,0.6080,210.1,39.7,unknown,33637,12,33.7926,-112.1874,Tier 2 — Top 25%
660,8848ebb1d3fffff,0.6080,211.3,37.6,unknown,59873,12,33.2198,-111.7754,Tier 2 — Top 25%
661,8829b6c0a7fffff,0.6080,210.3,31.9,unknown,33901,12,33.7329,-112.1154,Tier 2 — Top 25%
662,8829b6cacdfffff,0.6080,210.4,29.5,unknown,33982,12,33.7039,-111.9894,Tier 2 — Top 25%
663,8829b6c469fffff,0.6080,210.2,35.1,unknown,33791,12,33.7299,-112.2460,Tier 2 — Top 25%
664,8848ebacb9fffff,0.6080,210.7,27.5,unknown,44155,12,33.5581,-111.8080,Tier 2 — Top 25%
665,8848eba149fffff,0.6080,211.2,38.5,unknown,56298,12,33.3090,-111.6945,Tier 2 — Top 25%
666,8848ebac9bfffff,0.6080,210.7,24.7,unknown,75459,12,33.5536,-111.8399,Tier 2 — Top 25%
667,8848ebb6ddfffff,0.6080,211.2,25.4,unknown,34122,12,33.2229,-112.0318,Tier 2 — Top 25%
668,8848ebb6c5fffff,0.6080,211.2,26.3,unknown,34090,12,33.2190,-112.0038,Tier 2 — Top 25%
669,8848ebaf21fffff,0.6080,211.0,36.1,unknown,33758,12,33.4583,-111.6851,Tier 2 — Top 25%
670,8829b6cf69fffff,0.6080,210.3,35.1,unknown,33790,12,33.7615,-112.0226,Tier 2 — Top 25%
671,8848ebb639fffff,0.6080,211.2,28.4,unknown,34018,12,33.2083,-111.9691,Tier 2 — Top 25%
672,8829b6cf07fffff,0.6080,210.2,38.1,unknown,33689,12,33.7903,-112.0392,Tier 2 — Top 25%
673,8829b6d297fffff,0.6075,210.6,13.4,unknown,73466,12,33.5111,-112.1973,Tier 2 — Top 25%
674,8829b6ce9dfffff,0.6073,210.1,43.0,unknown,33525,12,33.8244,-112.1827,Tier 2 — Top 25%
675,8848e96d43fffff,0.6073,210.8,13.2,unknown,56570,12,33.4157,-112.2112,Tier 2 — Top 25%
676,8848ebb621fffff,0.6068,211.3,29.8,unknown,34877,12,33.2044,-111.9411,Tier 2 — Top 25%
677,8829b6c189fffff,0.6068,210.3,29.7,unknown,33975,12,33.7154,-112.0737,Tier 2 — Top 25%
678,8848ebad87fffff,0.6068,210.8,34.6,unknown,33810,12,33.5616,-111.7268,Tier 2 — Top 25%
679,8848e961e1fffff,0.6068,210.9,21.8,unknown,34243,12,33.3035,-112.2327,Tier 2 — Top 25%
680,8829b6c553fffff,0.6068,210.2,37.0,unknown,33729,12,33.7564,-112.2240,Tier 2 — Top 25%
681,8848e96841fffff,0.6068,211.0,15.4,unknown,36888,12,33.3132,-112.1094,Tier 2 — Top 25%
682,8848ebb465fffff,0.6068,211.2,27.9,unknown,84021,12,33.2407,-111.9046,Tier 2 — Top 25%
683,8848e961e9fffff,0.6068,210.9,22.8,unknown,34211,12,33.2951,-112.2365,Tier 2 — Top 25%
684,8829b6ca3bfffff,0.6068,210.4,30.9,unknown,33935,12,33.7084,-111.9575,Tier 2 — Top 25%
685,8848eba10bfffff,0.6068,211.2,36.7,unknown,74375,12,33.3393,-111.7004,Tier 2 — Top 25%
686,8848e979d5fffff,0.6068,211.2,25.5,unknown,34119,12,33.2207,-112.1022,Tier 2 — Top 25%
687,8848e96141fffff,0.6068,211.0,26.0,unknown,34101,12,33.2443,-112.2102,Tier 2 — Top 25%
688,8829b6c4ddfffff,0.6064,210.0,43.9,unknown,33494,12,33.7797,-112.3325,Tier 2 — Top 25%
689,8829b6c51bfffff,0.6061,210.1,38.6,unknown,33673,12,33.7715,-112.2269,Tier 2 — Top 25%
690,8829b6cb67fffff,0.6061,210.5,34.5,unknown,33813,12,33.6930,-111.8452,Tier 2 — Top 25%
691,8829b6c653fffff,0.6061,210.2,35.3,unknown,33784,12,33.6875,-112.3251,Tier 2 — Top 25%
692,8848ebb623fffff,0.6061,211.3,28.9,unknown,35802,12,33.2113,-111.9479,Tier 2 — Top 25%
693,8848eba333fffff,0.6061,211.2,35.9,unknown,84466,12,33.3129,-111.7225,Tier 2 — Top 25%
694,8829b6cc55fffff,0.6061,210.1,41.4,unknown,33579,12,33.8198,-112.1052,Tier 2 — Top 25%
695,8829b6c583fffff,0.6053,210.0,43.8,unknown,33498,12,33.8153,-112.2466,Tier 2 — Top 25%
696,8848ebb1e7fffff,0.6052,211.4,41.9,unknown,33564,12,33.2203,-111.7156,Tier 2 — Top 25%
697,8848eb3499fffff,0.6052,210.5,37.1,unknown,33724,12,33.7111,-111.8268,Tier 2 — Top 25%
698,8848ebad99fffff,0.6052,210.8,31.6,unknown,33909,12,33.5571,-111.7587,Tier 2 — Top 25%
699,8829b6c505fffff,0.6052,210.2,36.3,unknown,33751,12,33.7624,-112.1814,Tier 2 — Top 25%
700,8848e96f35fffff,0.6052,210.8,14.5,unknown,43816,12,33.3990,-112.2189,Tier 2 — Top 25%
701,8848ebb6a9fffff,0.6052,211.2,24.0,unknown,34171,12,33.2440,-111.9924,Tier 2 — Top 25%
702,8848ebb51bfffff,0.6052,211.2,25.4,unknown,132980,12,33.2726,-111.8999,Tier 2 — Top 25%
703,8848ebadedfffff,0.6052,210.8,36.0,unknown,33761,12,33.5342,-111.6997,Tier 2 — Top 25%
704,8829b6c5a5fffff,0.6052,210.0,43.2,unknown,33519,12,33.8214,-112.2040,Tier 2 — Top 25%
705,8848ebb6edfffff,0.6052,211.2,26.6,unknown,34081,12,33.2220,-111.9827,Tier 2 — Top 25%
706,8848e96e45fffff,0.6052,210.8,23.7,unknown,34180,12,33.3414,-112.2947,Tier 2 — Top 25%
707,8829b6d4a1fffff,0.6052,210.3,30.0,unknown,69811,12,33.6451,-112.2948,Tier 2 — Top 25%
708,8848e968c7fffff,0.6052,210.9,11.4,unknown,81045,12,33.3694,-112.1531,Tier 2 — Top 25%
709,8848eba457fffff,0.6051,210.9,11.8,unknown,277754,12,33.4130,-111.9545,Tier 2 — Top 25%
710,8848e96899fffff,0.6051,210.8,12.2,unknown,69691,12,33.3884,-112.1841,Tier 2 — Top 25%
711,8848ebad35fffff,0.6042,210.9,38.4,unknown,33680,12,33.5303,-111.6717,Tier 2 — Top 25%
712,8829b6c71bfffff,0.6042,210.2,33.8,unknown,33835,12,33.7132,-112.2537,Tier 2 — Top 25%
713,8848ebac85fffff,0.6042,210.8,28.0,unknown,40991,12,33.5444,-111.7945,Tier 2 — Top 25%
714,8848e9788dfffff,0.6042,211.1,27.2,unknown,34059,12,33.2132,-112.1551,Tier 2 — Top 25%
715,8848e96923fffff,0.6042,211.0,10.7,unknown,94459,12,33.3654,-112.0160,Tier 2 — Top 25%
716,8829b6cae9fffff,0.6042,210.4,30.9,unknown,33934,12,33.7137,-111.9750,Tier 2 — Top 25%
717,8848ebb8b9fffff,0.6042,211.3,42.8,unknown,33534,12,33.3080,-111.6453,Tier 2 — Top 25%
718,8848ebad49fffff,0.6042,210.9,35.9,unknown,33764,12,33.4735,-111.6880,Tier 2 — Top 25%
719,8829b6c8c5fffff,0.6042,210.3,37.4,unknown,33715,12,33.7705,-111.9587,Tier 2 — Top 25%
720,8848e979d9fffff,0.6042,211.2,26.7,unknown,34077,12,33.2109,-112.1166,Tier 2 — Top 25%
721,8848eba637fffff,0.6036,210.9,12.8,unknown,155686,12,33.3895,-111.9553,Tier 2 — Top 25%
722,8848e96201fffff,0.6033,211.1,35.4,unknown,33782,12,33.1988,-112.3101,Tier 2 — Top 25%
723,8848eb35d3fffff,0.6033,210.5,41.6,unknown,33571,12,33.7131,-111.7561,Tier 2 — Top 25%
724,8848e97937fffff,0.6033,211.2,26.3,unknown,34092,12,33.2145,-112.0356,Tier 2 — Top 25%
725,8848e97889fffff,0.6033,211.1,27.7,unknown,34044,12,33.2117,-112.1657,Tier 2 — Top 25%
726,8848e96e4dfffff,0.6033,210.8,24.5,unknown,34153,12,33.3331,-112.2985,Tier 2 — Top 25%
727,8848e9628dfffff,0.6033,211.0,34.6,unknown,33807,12,33.2398,-112.3509,Tier 2 — Top 25%
728,8829b6cf49fffff,0.6033,210.3,33.6,unknown,33841,12,33.7502,-112.0477,Tier 2 — Top 25%
729,8848eb364dfffff,0.6033,210.7,31.1,unknown,33927,12,33.5708,-111.7723,Tier 2 — Top 25%
730,8829b6c5e5fffff,0.6033,210.1,40.7,unknown,33602,12,33.7979,-112.2048,Tier 2 — Top 25%
731,8829b6d76dfffff,0.6033,210.6,13.6,unknown,80604,12,33.5194,-112.1935,Tier 2 — Top 25%
732,8829b6d2abfffff,0.6027,210.6,10.0,unknown,107275,12,33.5005,-112.1625,Tier 2 — Top 25%
733,8848eba6e1fffff,0.6027,210.9,10.4,unknown,117255,12,33.3934,-111.9833,Tier 2 — Top 25%
734,8848eba223fffff,0.6027,211.2,33.0,unknown,132725,12,33.2904,-111.7727,Tier 2 — Top 25%
735,8829b6c8c1fffff,0.6027,210.3,36.9,unknown,33730,12,33.7690,-111.9694,Tier 2 — Top 25%
736,8848eba305fffff,0.6027,211.3,38.8,unknown,49108,12,33.2840,-111.7061,Tier 2 — Top 25%
737,8829b6cad3fffff,0.6027,210.3,31.6,unknown,33911,12,33.7297,-112.0273,Tier 2 — Top 25%
738,8848ebba9dfffff,0.6021,211.3,42.8,unknown,33532,12,33.2399,-111.6867,Tier 2 — Top 25%
739,8848ebb097fffff,0.6019,211.3,32.3,unknown,105734,12,33.2345,-111.8381,Tier 2 — Top 25%
740,8848e96f5bfffff,0.6019,210.8,20.3,unknown,34296,12,33.3611,-112.2659,Tier 2 — Top 25%
741,8848eb3557fffff,0.6019,210.6,42.5,unknown,33543,12,33.6667,-111.6980,Tier 2 — Top 25%
742,8829b6ce0dfffff,0.6019,210.2,35.3,unknown,33784,12,33.7646,-112.1107,Tier 2 — Top 25%
743,8848ebaf61fffff,0.6019,211.0,36.0,unknown,33760,12,33.4348,-111.6860,Tier 2 — Top 25%
744,8848e96267fffff,0.6019,211.1,34.2,unknown,33823,12,33.1950,-112.2822,Tier 2 — Top 25%
745,8848eba111fffff,0.6019,211.1,35.1,unknown,93806,12,33.3531,-111.7139,Tier 2 — Top 25%
746,8848ebb0a9fffff,0.6019,211.3,36.4,unknown,66451,12,33.2168,-111.7966,Tier 2 — Top 25%
747,8829b6c567fffff,0.6019,210.2,35.3,unknown,33784,12,33.7571,-112.1639,Tier 2 — Top 25%
748,8829b6ce05fffff,0.6019,210.2,36.2,unknown,33754,12,33.7729,-112.1069,Tier 2 — Top 25%
749,8829b6c731fffff,0.6019,210.2,33.6,unknown,33841,12,33.7261,-112.2180,Tier 2 — Top 25%
750,8829b6d0d9fffff,0.6012,210.6,13.3,unknown,81349,12,33.5293,-112.1791,Tier 2 — Top 25%
751,8848ebb63dfffff,0.6008,211.3,28.6,unknown,34012,12,33.2098,-111.9585,Tier 2 — Top 25%
752,8829b6ce5bfffff,0.6008,210.2,35.3,unknown,33786,12,33.7586,-112.1533,Tier 2 — Top 25%
753,8829b6ca2dfffff,0.6008,210.4,30.7,unknown,33941,12,33.6909,-111.9158,Tier 2 — Top 25%
754,8829b6c643fffff,0.6008,210.2,32.8,unknown,44607,12,33.6754,-112.3008,Tier 2 — Top 25%
755,8829b6ca8bfffff,0.6008,210.3,32.2,unknown,33889,12,33.7327,-112.0060,Tier 2 — Top 25%
756,8829b6cd41fffff,0.6008,210.2,41.3,unknown,33583,12,33.8167,-112.0170,Tier 2 — Top 25%
757,8829b6c701fffff,0.6008,210.2,31.3,unknown,35419,12,33.7026,-112.2188,Tier 2 — Top 25%
758,8829b6c1e5fffff,0.6008,210.3,29.7,unknown,33976,12,33.7131,-112.0350,Tier 2 — Top 25%
759,8848e9635bfffff,0.6008,211.1,33.5,unknown,33846,12,33.1966,-112.2716,Tier 2 — Top 25%
760,8829b6c8b1fffff,0.6008,210.2,42.0,unknown,33558,12,33.8159,-111.9676,Tier 2 — Top 25%
761,8848e96957fffff,0.6004,211.0,11.7,unknown,76944,12,33.3442,-112.0555,Tier 2 — Top 25%
762,8848ebb8d3fffff,0.5997,211.3,41.2,unknown,35268,12,33.2884,-111.6742,Tier 2 — Top 25%
763,8829b6ce9bfffff,0.5997,210.0,44.0,unknown,33493,12,33.8297,-112.2002,Tier 2 — Top 25%
764,8848e978a1fffff,0.5997,211.1,24.8,unknown,34141,12,33.2314,-112.1369,Tier 2 — Top 25%
765,8829b6c869fffff,0.5997,210.4,34.6,unknown,33808,12,33.7242,-111.9005,Tier 2 — Top 25%
766,8848e979ddfffff,0.5997,211.2,26.4,unknown,34087,12,33.2124,-112.1060,Tier 2 — Top 25%
767,8829b6ce47fffff,0.5997,210.2,34.4,unknown,33814,12,33.7563,-112.1146,Tier 2 — Top 25%
768,8848ebaf23fffff,0.5997,211.0,35.5,unknown,33778,12,33.4652,-111.6919,Tier 2 — Top 25%
769,8829b61b4dfffff,0.5997,210.0,44.9,unknown,33463,12,33.8365,-112.2070,Tier 2 — Top 25%
770,8848eb3427fffff,0.5997,210.6,41.5,unknown,33577,12,33.6789,-111.7222,Tier 2 — Top 25%
771,8848ebb443fffff,0.5997,211.2,26.5,unknown,48684,12,33.2348,-111.9470,Tier 2 — Top 25%
772,8829b6caddfffff,0.5997,210.3,30.3,unknown,33955,12,33.7161,-112.0137,Tier 2 — Top 25%
773,8848ebba81fffff,0.5997,211.4,44.5,unknown,33476,12,33.2345,-111.6693,Tier 2 — Top 25%
774,8848eba157fffff,0.5986,211.2,35.9,unknown,86892,12,33.3379,-111.7110,Tier 2 — Top 25%
775,8848ebb56dfffff,0.5986,211.3,31.9,unknown,122883,12,33.2428,-111.8343,Tier 2 — Top 25%
776,8848ebad65fffff,0.5986,210.9,39.8,unknown,33633,12,33.4945,-111.6484,Tier 2 — Top 25%
777,8848e979a7fffff,0.5986,211.1,22.1,unknown,34235,12,33.2502,-112.0589,Tier 2 — Top 25%
778,8829b6ce87fffff,0.5986,210.1,42.9,unknown,33528,12,33.8274,-112.1614,Tier 2 — Top 25%
779,8848e9690dfffff,0.5986,211.0,12.8,unknown,62337,12,33.3404,-112.0275,Tier 2 — Top 25%
780,8848eb34c7fffff,0.5986,210.5,37.4,unknown,33714,12,33.6921,-111.7958,Tier 2 — Top 25%
781,8829b6c1b5fffff,0.5986,210.3,33.4,unknown,33848,12,33.7487,-112.0584,Tier 2 — Top 25%
782,8848ebadc1fffff,0.5986,210.8,33.0,unknown,33862,12,33.5298,-111.7316,Tier 2 — Top 25%
783,8848eba11dfffff,0.5986,211.2,35.9,unknown,83976,12,33.3462,-111.7071,Tier 2 — Top 25%
784,8848e979bbfffff,0.5986,211.1,21.9,unknown,34242,12,33.2526,-112.0975,Tier 2 — Top 25%
785,8829b6cc13fffff,0.5978,210.0,44.7,unknown,33468,12,33.8486,-112.1218,Tier 2 — Top 25%
786,8829b6d1e3fffff,0.5977,210.6,11.8,unknown,74819,12,33.5542,-112.0584,Tier 2 — Top 25%
787,8829b6c9adfffff,0.5975,210.3,44.5,unknown,33476,12,33.8073,-111.8620,Tier 2 — Top 25%
788,8848ebb739fffff,0.5975,211.3,30.5,unknown,64680,12,33.2187,-111.8949,Tier 2 — Top 25%
789,8848e96cbdfffff,0.5975,210.6,23.0,unknown,71480,12,33.4861,-112.3179,Tier 2 — Top 25%
790,8829b6cf23fffff,0.5975,210.2,39.4,unknown,33648,12,33.8001,-112.0247,Tier 2 — Top 25%
791,8848e96b61fffff,0.5975,211.1,19.4,unknown,34327,12,33.2767,-112.0369,Tier 2 — Top 25%
792,8829b6caa7fffff,0.5975,210.3,35.4,unknown,33782,12,33.7538,-111.9664,Tier 2 — Top 25%
793,8829b6c709fffff,0.5975,210.3,30.6,unknown,40628,12,33.6943,-112.2226,Tier 2 — Top 25%
794,8848ebb40dfffff,0.5975,211.2,26.2,unknown,64954,12,33.2446,-111.9326,Tier 2 — Top 25%
795,8848eba009fffff,0.5975,211.2,31.7,unknown,155889,12,33.3222,-111.7679,Tier 2 — Top 25%
796,8848eba263fffff,0.5975,211.3,34.4,unknown,111436,12,33.2668,-111.7736,Tier 2 — Top 25%
797,8829b6c615fffff,0.5975,210.2,35.8,unknown,33767,12,33.7056,-112.3068,Tier 2 — Top 25%
798,8848e961cdfffff,0.5975,211.0,24.5,unknown,34153,12,33.2853,-112.2509,Tier 2 — Top 25%
799,8829b6cb4bfffff,0.5975,210.5,30.4,unknown,33951,12,33.6719,-111.8848,Tier 2 — Top 25%
800,8848eba361fffff,0.5968,211.3,40.6,unknown,36332,12,33.2703,-111.6925,Tier 2 — Top 25%
801,8848ebb1c1fffff,0.5968,211.4,41.2,unknown,34021,12,33.2007,-111.7445,Tier 2 — Top 25%
802,8829b6c60dfffff,0.5968,210.2,32.9,unknown,42000,12,33.6852,-112.2864,Tier 2 — Top 25%
803,8848eba4abfffff,0.5964,210.8,10.4,unknown,250399,12,33.4737,-111.9663,Tier 2 — Top 25%
804,8829b6c5c3fffff,0.5962,210.1,41.4,unknown,33578,12,33.7919,-112.2474,Tier 2 — Top 25%
805,8848e979e7fffff,0.5962,211.2,24.7,unknown,34146,12,33.2267,-112.0598,Tier 2 — Top 25%
806,8848ebaa97fffff,0.5962,211.0,36.4,unknown,38455,12,33.4196,-111.6831,Tier 2 — Top 25%
807,8848ebac93fffff,0.5962,210.7,25.4,unknown,63350,12,33.5620,-111.8361,Tier 2 — Top 25%
808,8848e96b69fffff,0.5962,211.1,20.3,unknown,34298,12,33.2684,-112.0407,Tier 2 — Top 25%
809,8829b6c1bdfffff,0.5962,210.3,32.5,unknown,33880,12,33.7404,-112.0622,Tier 2 — Top 25%
810,8848ebb707fffff,0.5962,211.3,31.5,unknown,60235,12,33.2119,-111.8882,Tier 2 — Top 25%
811,8829b6ce23fffff,0.5962,210.2,38.0,unknown,33693,12,33.7896,-112.0992,Tier 2 — Top 25%
812,8829b6c6c3fffff,0.5962,210.1,39.7,unknown,33635,12,33.7230,-112.3486,Tier 2 — Top 25%
813,8829b6c18bfffff,0.5954,210.3,30.5,unknown,33949,12,33.7222,-112.0805,Tier 2 — Top 25%
814,8829b6c1b3fffff,0.5954,210.2,34.0,unknown,33829,12,33.7540,-112.0758,Tier 2 — Top 25%
815,8848ebb455fffff,0.5954,211.2,25.6,unknown,48282,12,33.2416,-111.9538,Tier 2 — Top 25%
816,8848ebaa9bfffff,0.5954,211.1,35.2,unknown,51289,12,33.4099,-111.6976,Tier 2 — Top 25%
817,8829b6cac1fffff,0.5954,210.4,30.0,unknown,33963,12,33.7108,-111.9962,Tier 2 — Top 25%
818,8829b6c511fffff,0.5954,210.1,38.4,unknown,33679,12,33.7730,-112.2163,Tier 2 — Top 25%
819,8829b6cecdfffff,0.5954,210.1,38.7,unknown,33671,12,33.7889,-112.1593,Tier 2 — Top 25%
820,8848e96347fffff,0.5954,211.1,31.9,unknown,33900,12,33.1943,-112.2330,Tier 2 — Top 25%
821,8829b6cd6dfffff,0.5946,210.2,42.3,unknown,33550,12,33.8212,-111.9851,Tier 2 — Top 25%
822,8848ebaf67fffff,0.5946,211.0,36.4,unknown,33749,12,33.4431,-111.6822,Tier 2 — Top 25%
823,8848e96a47fffff,0.5946,211.1,21.3,unknown,34262,12,33.2632,-112.1323,Tier 2 — Top 25%
824,8829b6c58bfffff,0.5946,210.0,43.1,unknown,33522,12,33.8070,-112.2504,Tier 2 — Top 25%
825,8829b6ce07fffff,0.5946,210.2,37.0,unknown,33726,12,33.7798,-112.1137,Tier 2 — Top 25%
826,8848eb349bfffff,0.5946,210.4,37.3,unknown,33716,12,33.7179,-111.8336,Tier 2 — Top 25%
827,8829b6c831fffff,0.5946,210.3,38.3,unknown,33683,12,33.7681,-111.9200,Tier 2 — Top 25%
828,8848e96a29fffff,0.5946,211.0,18.9,unknown,34343,12,33.2814,-112.1140,Tier 2 — Top 25%
829,8848eb34e1fffff,0.5946,210.5,39.0,unknown,33660,12,33.6950,-111.7745,Tier 2 — Top 25%
830,8829b6d081fffff,0.5941,210.6,13.2,unknown,70995,12,33.5490,-112.1502,Tier 2 — Top 25%
831,8848e96945fffff,0.5938,211.0,14.4,unknown,44512,12,33.3252,-112.0246,Tier 2 — Top 25%
832,8848ebad9bfffff,0.5938,210.7,31.4,unknown,33918,12,33.5640,-111.7655,Tier 2 — Top 25%
833,8848e978ddfffff,0.5938,211.1,29.1,unknown,33994,12,33.2018,-112.1801,Tier 2 — Top 25%
834,8848ebb46bfffff,0.5938,211.2,27.2,unknown,64599,12,33.2378,-111.9258,Tier 2 — Top 25%
835,8848ebac2dfffff,0.5938,210.9,32.8,unknown,33870,12,33.4994,-111.7257,Tier 2 — Top 25%
836,8848e96227fffff,0.5938,211.1,32.0,unknown,33897,12,33.2186,-112.2813,Tier 2 — Top 25%
837,8848ebb095fffff,0.5938,211.3,33.3,unknown,92450,12,33.2276,-111.8313,Tier 2 — Top 25%
838,8829b6cf43fffff,0.5938,210.2,35.3,unknown,33785,12,33.7653,-112.0507,Tier 2 — Top 25%
839,8848eba353fffff,0.5938,211.3,35.7,unknown,86719,12,33.2781,-111.7485,Tier 2 — Top 25%
840,8848ebac91fffff,0.5938,210.7,25.6,unknown,63340,12,33.5551,-111.8293,Tier 2 — Top 25%
841,8848eb3519fffff,0.5930,210.6,42.4,unknown,33546,12,33.6735,-111.7048,Tier 2 — Top 25%
842,8829b6ce29fffff,0.5930,210.2,36.3,unknown,33751,12,33.7744,-112.0963,Tier 2 — Top 25%
843,8848eba015fffff,0.5930,211.1,29.9,unknown,236565,12,33.3442,-111.7776,Tier 2 — Top 25%
844,8848e97927fffff,0.5930,211.2,28.0,unknown,34034,12,33.2023,-112.0115,Tier 2 — Top 25%
845,8829b6ca37fffff,0.5930,210.4,32.4,unknown,33884,12,33.7182,-111.9430,Tier 2 — Top 25%
846,8829b6d9a5fffff,0.5923,210.5,29.8,unknown,33972,12,33.6514,-111.8644,Tier 2 — Top 25%
847,8848ebb62bfffff,0.5923,211.3,29.6,unknown,33979,12,33.2029,-111.9517,Tier 2 — Top 25%
848,8848ebb033fffff,0.5923,211.4,39.4,unknown,41216,12,33.1963,-111.7763,Tier 2 — Top 25%
849,8848eb3515fffff,0.5923,210.6,44.1,unknown,33488,12,33.6833,-111.6902,Tier 2 — Top 25%
850,8848e96a19fffff,0.5923,211.0,20.3,unknown,34298,12,33.2822,-112.1632,Tier 2 — Top 25%
851,8848e96195fffff,0.5923,210.9,22.5,unknown,34219,12,33.3293,-112.2705,Tier 2 — Top 25%
852,8848e979a9fffff,0.5923,211.2,23.9,unknown,34173,12,33.2335,-112.0666,Tier 2 — Top 25%
853,8848eb34c3fffff,0.5923,210.5,36.6,unknown,33741,12,33.6906,-111.8064,Tier 2 — Top 25%
854,8848eba14bfffff,0.5923,211.2,37.6,unknown,65549,12,33.3158,-111.7013,Tier 2 — Top 25%
855,8848e96889fffff,0.5916,210.9,11.3,unknown,83295,12,33.3762,-112.1599,Tier 2 — Top 25%
856,8829b6da5dfffff,0.5916,210.7,11.3,unknown,248321,12,33.5040,-111.9722,Tier 2 — Top 25%
857,8829b6c1e7fffff,0.5916,210.3,30.3,unknown,33953,12,33.7199,-112.0418,Tier 2 — Top 25%
858,8829b6d9a7fffff,0.5916,210.5,30.0,unknown,33966,12,33.6582,-111.8712,Tier 2 — Top 25%
859,8848e978d7fffff,0.5916,211.1,27.7,unknown,34044,12,33.2170,-112.1831,Tier 2 — Top 25%
860,8848eb2659fffff,0.5916,210.4,41.6,unknown,33571,12,33.7458,-111.8008,Tier 2 — Top 25%
861,8848ebb469fffff,0.5916,211.2,28.1,unknown,63305,12,33.2309,-111.9191,Tier 2 — Top 25%
862,8829b6ca67fffff,0.5916,210.5,29.7,unknown,33975,12,33.6826,-111.9197,Tier 2 — Top 25%
863,8829b6c727fffff,0.5916,210.2,32.3,unknown,33887,12,33.7223,-112.1899,Tier 2 — Top 25%
864,8848eba12bfffff,0.5916,211.2,38.6,unknown,51568,12,33.3506,-111.6753,Tier 2 — Top 25%
865,8848e96865fffff,0.5914,211.0,13.6,unknown,52686,12,33.3261,-112.0738,Tier 2 — Top 25%
866,8848e9619dfffff,0.5905,210.9,23.4,unknown,34190,12,33.3209,-112.2743,Tier 2 — Top 25%
867,8848e961edfffff,0.5905,211.0,22.0,unknown,34238,12,33.2967,-112.2260,Tier 2 — Top 25%
868,8829b6c44dfffff,0.5905,210.2,34.8,unknown,33802,12,33.7200,-112.2605,Tier 2 — Top 25%
869,8829b6ca9dfffff,0.5905,210.3,32.9,unknown,33867,12,33.7395,-112.0128,Tier 2 — Top 25%
870,8848ebad89fffff,0.5905,210.8,33.3,unknown,33854,12,33.5449,-111.7345,Tier 2 — Top 25%
871,8829b6c0a5fffff,0.5905,210.3,31.0,unknown,33929,12,33.7260,-112.1086,Tier 2 — Top 25%
872,8848e96e0bfffff,0.5905,210.8,24.4,unknown,48516,12,33.3619,-112.3151,Tier 2 — Top 25%
873,8848eb3461fffff,0.5905,210.6,39.0,unknown,33659,12,33.6471,-111.7270,Tier 2 — Top 25%
874,8829b6d64bfffff,0.5905,210.5,22.7,unknown,52108,12,33.5028,-112.3103,Tier 2 — Top 25%
875,8829b6cb0bfffff,0.5905,210.5,32.6,unknown,33876,12,33.6954,-111.8839,Tier 2 — Top 25%
876,8829b6c547fffff,0.5905,210.2,34.7,unknown,33804,12,33.7458,-112.1890,Tier 2 — Top 25%
877,8848eb3093fffff,0.5905,210.7,43.9,unknown,33495,12,33.6408,-111.6602,Tier 2 — Top 25%
878,8829b6c1adfffff,0.5905,210.3,31.3,unknown,33921,12,33.7282,-112.0379,Tier 2 — Top 25%
879,8829b6d923fffff,0.5905,210.6,28.5,unknown,34016,12,33.6089,-111.8343,Tier 2 — Top 25%
880,8829b6c86bfffff,0.5905,210.4,35.0,unknown,33795,12,33.7310,-111.9073,Tier 2 — Top 25%
881,8848e97987fffff,0.5905,211.1,23.3,unknown,34193,12,33.2389,-112.0839,Tier 2 — Top 25%
882,8848e9689bfffff,0.5900,210.8,12.4,unknown,67614,12,33.3952,-112.1909,Tier 2 — Top 25%
883,8848ebbad1fffff,0.5898,211.4,43.2,unknown,33517,12,33.2232,-111.6944,Tier 2 — Top 25%
884,8848e96b4bfffff,0.5894,211.1,20.5,unknown,34289,12,33.2639,-112.0725,Tier 2 — Top 25%
885,8829b6c0bbfffff,0.5894,210.2,32.7,unknown,33872,12,33.7352,-112.1541,Tier 2 — Top 25%
886,8848e978c7fffff,0.5894,211.1,28.2,unknown,34026,12,33.2048,-112.1589,Tier 2 — Top 25%
887,8848eb32d9fffff,0.5894,210.8,37.6,unknown,33708,12,33.5439,-111.6852,Tier 2 — Top 25%
888,8848e96f6dfffff,0.5894,210.9,15.6,unknown,35384,12,33.3550,-112.1993,Tier 2 — Top 25%
889,8848eba343fffff,0.5894,211.3,38.3,unknown,56363,12,33.2659,-111.7244,Tier 2 — Top 25%
890,8848ebb191fffff,0.5887,211.3,36.9,unknown,71377,12,33.2365,-111.7677,Tier 2 — Top 25%
891,8848e96a33fffff,0.5887,211.0,16.7,unknown,34419,12,33.3087,-112.1412,Tier 2 — Top 25%
892,8829b6c19bfffff,0.5887,210.3,31.9,unknown,33899,12,33.7344,-112.1048,Tier 2 — Top 25%
893,8829b6cee9fffff,0.5887,210.1,39.5,unknown,33643,12,33.7987,-112.1448,Tier 2 — Top 25%
894,8848ebaa9dfffff,0.5887,211.1,36.9,unknown,43230,12,33.4045,-111.6802,Tier 2 — Top 25%
895,8848eba259fffff,0.5887,211.3,32.1,unknown,140312,12,33.2526,-111.8198,Tier 2 — Top 25%
896,8829b6d0c1fffff,0.5883,210.6,11.2,unknown,85882,12,33.5255,-112.1510,Tier 2 — Top 25%
897,8848e96a27fffff,0.5881,211.0,17.0,unknown,34410,12,33.2981,-112.1064,Tier 2 — Top 25%
898,8848ebb731fffff,0.5880,211.3,29.9,unknown,76241,12,33.2270,-111.8911,Tier 2 — Top 25%
899,8848eb36cdfffff,0.5880,210.6,30.2,unknown,33957,12,33.6187,-111.8198,Tier 2 — Top 25%
900,8848eb368bfffff,0.5880,210.6,31.2,unknown,33923,12,33.6475,-111.8363,Tier 2 — Top 25%
901,8848eba245fffff,0.5880,211.3,35.0,unknown,99212,12,33.2502,-111.7812,Tier 2 — Top 25%
902,8848ebac3bfffff,0.5880,210.8,29.4,unknown,33983,12,33.5170,-111.7673,Tier 2 — Top 25%
903,8848e96225fffff,0.5880,211.1,32.2,unknown,33888,12,33.2117,-112.2746,Tier 2 — Top 25%
904,8829b6c1a1fffff,0.5880,210.3,32.0,unknown,33897,12,33.7350,-112.0448,Tier 2 — Top 25%
905,8829b6c603fffff,0.5880,210.2,34.8,unknown,33800,12,33.6988,-112.3000,Tier 2 — Top 25%
906,8848ebb6e5fffff,0.5880,211.2,25.8,unknown,34107,12,33.2303,-111.9788,Tier 2 — Top 25%
907,8829b6c407fffff,0.5880,210.1,38.7,unknown,33671,12,33.7586,-112.2627,Tier 2 — Top 25%
908,8848e968c9fffff,0.5877,210.9,13.3,unknown,55507,12,33.3527,-112.1607,Tier 2 — Top 25%
909,8829b6d183fffff,0.5876,210.6,13.1,unknown,57838,12,33.5663,-112.0826,Tier 2 — Top 25%
910,8848e96257fffff,0.5872,211.1,36.9,unknown,33731,12,33.1958,-112.3313,Tier 2 — Top 25%
911,8848ebb44dfffff,0.5872,211.2,28.4,unknown,47629,12,33.2211,-111.9335,Tier 2 — Top 25%
912,8848eb3413fffff,0.5872,210.5,37.2,unknown,33720,12,33.6784,-111.7822,Tier 2 — Top 25%
913,8848e978e3fffff,0.5872,211.1,26.8,unknown,34073,12,33.2147,-112.1445,Tier 2 — Top 25%
914,8848eba195fffff,0.5872,211.0,30.4,unknown,100310,12,33.4025,-111.7507,Tier 2 — Top 25%
915,8848ebb0a1fffff,0.5872,211.3,36.0,unknown,74596,12,33.2252,-111.7928,Tier 2 — Top 25%
916,8848eb341dfffff,0.5872,210.6,37.1,unknown,33723,12,33.6647,-111.7686,Tier 2 — Top 25%
917,8829b6db4dfffff,0.5870,210.8,19.5,unknown,223080,12,33.5022,-111.8736,Tier 2 — Top 25%
918,8829b6c765fffff,0.5869,210.3,28.9,unknown,37151,12,33.6920,-112.1839,Tier 2 — Top 25%
919,8829b6c0b3fffff,0.5865,210.2,33.6,unknown,33844,12,33.7435,-112.1503,Tier 2 — Top 25%
920,8829b6cf6dfffff,0.5865,210.3,35.4,unknown,33780,12,33.7630,-112.0120,Tier 2 — Top 25%
921,8829b6c73bfffff,0.5865,210.2,33.9,unknown,33833,12,33.7246,-112.2286,Tier 2 — Top 25%
922,8848e978dbfffff,0.5865,211.1,29.2,unknown,33993,12,33.2071,-112.1975,Tier 2 — Top 25%
923,8848ebb4d1fffff,0.5865,211.1,18.7,unknown,34350,12,33.2880,-112.0119,Tier 2 — Top 25%
924,8848e96a37fffff,0.5865,211.0,16.2,unknown,34436,12,33.3102,-112.1306,Tier 2 — Top 25%
925,8829b6cb15fffff,0.5865,210.4,33.9,unknown,33832,12,33.7105,-111.8869,Tier 2 — Top 25%
926,8848e9610dfffff,0.5865,211.0,24.0,unknown,34169,12,33.2610,-112.2026,Tier 2 — Top 25%
927,8848eba229fffff,0.5865,211.2,34.2,unknown,114707,12,33.2752,-111.7697,Tier 2 — Top 25%
928,8829b6c8cbfffff,0.5865,210.3,36.5,unknown,33743,12,33.7675,-111.9800,Tier 2 — Top 25%
929,8848ebac65fffff,0.5865,210.9,32.8,unknown,33869,12,33.4843,-111.7228,Tier 2 — Top 25%
930,8848ebb733fffff,0.5863,211.2,28.9,unknown,80657,12,33.2339,-111.8979,Tier 2 — Top 25%
931,8848e979adfffff,0.5863,211.2,23.8,unknown,34177,12,33.2350,-112.0560,Tier 2 — Top 25%
932,8848ebb635fffff,0.5863,211.2,27.9,unknown,36348,12,33.2181,-111.9547,Tier 2 — Top 25%
933,8848ebb553fffff,0.5861,211.2,26.9,unknown,114633,12,33.2574,-111.8970,Tier 2 — Top 25%
934,8848e9619bfffff,0.5858,210.9,24.4,unknown,34157,12,33.3262,-112.2917,Tier 2 — Top 25%
935,8829b6c849fffff,0.5858,210.4,32.5,unknown,33881,12,33.7129,-111.9256,Tier 2 — Top 25%
936,8829b6c911fffff,0.5858,210.3,40.1,unknown,33621,12,33.7672,-111.8706,Tier 2 — Top 25%
937,8848eba15bfffff,0.5858,211.2,35.0,unknown,101327,12,33.3281,-111.7254,Tier 2 — Top 25%
938,8848eba24dfffff,0.5858,211.3,35.3,unknown,91339,12,33.2418,-111.7851,Tier 2 — Top 25%
939,8829b6d5b3fffff,0.5858,210.3,30.1,unknown,55478,12,33.6746,-112.2515,Tier 2 — Top 25%
940,8848ebad17fffff,0.5858,210.8,35.4,unknown,33781,12,33.5258,-111.7036,Tier 2 — Top 25%
941,8848e96d9dfffff,0.5853,210.6,18.5,unknown,52104,12,33.4854,-112.2686,Tier 2 — Top 25%
942,8848eb26d7fffff,0.5853,210.3,45.7,unknown,33436,12,33.8102,-111.8407,Tier 2 — Top 25%
943,8829b6d0e1fffff,0.5850,210.6,10.9,unknown,89538,12,33.5368,-112.1260,Tier 2 — Top 25%
944,8829b6c093fffff,0.5850,210.2,32.9,unknown,33865,12,33.7321,-112.1754,Tier 2 — Top 25%
945,8848e96b59fffff,0.5850,211.1,20.0,unknown,34307,12,33.2692,-112.0899,Tier 2 — Top 25%
946,8848e96b4dfffff,0.5850,211.1,21.2,unknown,34266,12,33.2586,-112.0551,Tier 2 — Top 25%
947,8848e96929fffff,0.5850,211.0,12.3,unknown,68439,12,33.3502,-112.0131,Tier 2 — Top 25%
948,8848ebb461fffff,0.5850,211.2,27.5,unknown,73902,12,33.2393,-111.9152,Tier 2 — Top 25%
949,8829b6d2e3fffff,0.5850,210.7,8.9,unknown,134035,12,33.4853,-112.1595,Tier 2 — Top 25%
950,8848eba5d9fffff,0.5847,210.8,12.9,unknown,244997,12,33.4547,-111.9353,Tier 2 — Top 25%
951,8829b6db45fffff,0.5843,210.8,20.2,unknown,198563,12,33.5106,-111.8698,Tier 2 — Top 25%
952,8829b6cc3dfffff,0.5842,210.1,44.2,unknown,33484,12,33.8463,-112.0831,Tier 2 — Top 25%
953,8829b6c561fffff,0.5840,210.2,34.5,unknown,33812,12,33.7488,-112.1678,Tier 2 — Top 25%
954,8848e96185fffff,0.5840,210.9,21.7,unknown,34249,12,33.3171,-112.2463,Tier 2 — Top 25%
955,8848ebb0d3fffff,0.5840,211.3,33.8,unknown,66281,12,33.2095,-111.8496,Tier 2 — Top 25%
956,8848ebad85fffff,0.5840,210.8,34.9,unknown,33799,12,33.5547,-111.7200,Tier 2 — Top 25%
957,8829b6c845fffff,0.5840,210.4,34.0,unknown,33828,12,33.7227,-111.9111,Tier 2 — Top 25%
958,8848eba1a7fffff,0.5840,211.0,34.2,unknown,59360,12,33.4084,-111.7082,Tier 2 — Top 25%
959,8829b6c933fffff,0.5840,210.3,42.7,unknown,33535,12,33.7853,-111.8522,Tier 2 — Top 25%
960,8829b6c609fffff,0.5840,210.2,33.3,unknown,40597,12,33.6837,-112.2970,Tier 2 — Top 25%
961,8848eb26c3fffff,0.5840,210.3,45.0,unknown,33460,12,33.7966,-111.8271,Tier 2 — Top 25%
962,8848ebac0dfffff,0.5840,210.9,30.3,unknown,33954,12,33.4882,-111.7509,Tier 2 — Top 25%
963,8829b6ce51fffff,0.5840,210.2,35.2,unknown,33787,12,33.7601,-112.1427,Tier 2 — Top 25%
964,8848e96e4bfffff,0.5840,210.8,25.6,unknown,34115,12,33.3384,-112.3159,Tier 2 — Top 25%
965,8829b6cf47fffff,0.5840,210.2,35.5,unknown,33777,12,33.7668,-112.0401,Tier 2 — Top 25%
966,8848e96d83fffff,0.5838,210.6,17.6,unknown,55037,12,33.4869,-112.2580,Tier 2 — Top 25%
967,8848e96d33fffff,0.5836,210.7,12.7,unknown,63364,12,33.4626,-112.2096,Tier 2 — Top 25%
968,8848eba6adfffff,0.5836,210.9,10.1,unknown,177031,12,33.4100,-111.9757,Tier 2 — Top 25%
969,8848e96a81fffff,0.5835,210.9,16.9,unknown,34412,12,33.3262,-112.1827,Tier 2 — Top 25%
970,8829b6d685fffff,0.5835,210.4,28.2,unknown,67796,12,33.5770,-112.3359,Tier 2 — Top 25%
971,8829b6d28bfffff,0.5834,210.6,11.5,unknown,80770,12,33.4891,-112.1875,Tier 2 — Top 25%
972,8848ebbacbfffff,0.5833,211.4,45.2,unknown,33453,12,33.2095,-111.6809,Tier 2 — Top 25%
973,8848e96c81fffff,0.5829,210.6,23.4,unknown,98426,12,33.4694,-112.3255,Tier 2 — Top 25%
974,8848e96f57fffff,0.5827,210.8,18.6,unknown,34355,12,33.3710,-112.2515,Tier 2 — Top 25%
975,8848eb3701fffff,0.5826,210.7,38.8,unknown,33666,12,33.6114,-111.7037,Tier 2 — Top 25%
976,8848ebb73dfffff,0.5826,211.3,30.9,unknown,71071,12,33.2202,-111.8843,Tier 2 — Top 25%
977,8848ebb189fffff,0.5826,211.4,39.9,unknown,43548,12,33.2159,-111.7474,Tier 2 — Top 25%
978,8848eb355bfffff,0.5826,210.6,40.7,unknown,33601,12,33.6569,-111.7125,Tier 2 — Top 25%
979,8829b6c51dfffff,0.5826,210.1,37.5,unknown,33711,12,33.7662,-112.2095,Tier 2 — Top 25%
980,8848ebaf69fffff,0.5826,211.0,35.7,unknown,38471,12,33.4265,-111.6899,Tier 2 — Top 25%
981,8848ebaccbfffff,0.5826,210.8,25.1,unknown,73673,12,33.5180,-111.8166,Tier 2 — Top 25%
982,8848e978e7fffff,0.5826,211.1,26.4,unknown,34087,12,33.2162,-112.1339,Tier 2 — Top 25%
983,8848e961c5fffff,0.5826,210.9,23.6,unknown,34185,12,33.2936,-112.2471,Tier 2 — Top 25%
984,8848ebad43fffff,0.5826,210.9,35.8,unknown,33767,12,33.4887,-111.6909,Tier 2 — Top 25%
985,8848eb26cbfffff,0.5826,210.3,44.0,unknown,33492,12,33.7883,-111.8309,Tier 2 — Top 25%
986,8848ebb19dfffff,0.5826,211.3,37.9,unknown,60539,12,33.2296,-111.7609,Tier 2 — Top 25%
987,8848e9789dfffff,0.5826,211.1,26.7,unknown,34078,12,33.2253,-112.1793,Tier 2 — Top 25%
988,8848ebb56bfffff,0.5826,211.2,30.4,unknown,134826,12,33.2482,-111.8516,Tier 2 — Top 25%
989,8848e9630bfffff,0.5826,211.1,31.2,unknown,33925,12,33.2079,-112.2466,Tier 2 — Top 25%
990,8848eba13bfffff,0.5826,211.1,36.0,unknown,74063,12,33.3629,-111.6994,Tier 2 — Top 25%
991,8848ebaf55fffff,0.5826,211.0,32.4,unknown,46932,12,33.4373,-111.7247,Tier 2 — Top 25%
992,8829b6c737fffff,0.5826,210.2,34.4,unknown,33817,12,33.7344,-112.2141,Tier 2 — Top 25%
993,8829b6cb39fffff,0.5826,210.4,34.6,unknown,33810,12,33.7120,-111.8762,Tier 2 — Top 25%
994,8848ebb0a7fffff,0.5826,211.3,35.7,unknown,82994,12,33.2335,-111.7889,Tier 2 — Top 25%
995,8848eba34bfffff,0.5826,211.3,38.5,unknown,55755,12,33.2575,-111.7282,Tier 2 — Top 25%
996,8848eba4a1fffff,0.5825,210.8,11.4,unknown,300168,12,33.4752,-111.9557,Tier 2 — Top 25%
997,8848ebae85fffff,0.5815,210.9,23.8,unknown,85349,12,33.4861,-111.8214,Tier 2 — Top 25%
998,8848e96c59fffff,0.5815,210.7,22.2,unknown,80908,12,33.4020,-112.3067,Tier 2 — Top 25%
999,8848ebaac9fffff,0.5812,211.1,38.8,unknown,44940,12,33.3673,-111.6676,Tier 2 — Top 25%
1000,8848e9631bfffff,0.5812,211.1,31.3,unknown,33921,12,33.2201,-112.2708,Tier 2 — Top 25%
1001,8829b6cc61fffff,0.5812,210.1,41.1,unknown,33591,12,33.8175,-112.0664,Tier 2 — Top 25%
1002,8829b6c50bfffff,0.5812,210.2,36.6,unknown,33742,12,33.7594,-112.2027,Tier 2 — Top 25%
1003,8848e96b09fffff,0.5812,211.1,18.7,unknown,34352,12,33.2806,-112.0649,Tier 2 — Top 25%
1004,8848eba31dfffff,0.5812,211.2,36.3,unknown,73406,12,33.2879,-111.7341,Tier 2 — Top 25%
1005,8829b6cb37fffff,0.5812,210.4,36.5,unknown,33744,12,33.7286,-111.8685,Tier 2 — Top 25%
1006,8848e961a5fffff,0.5812,210.9,19.1,unknown,34337,12,33.3285,-112.2213,Tier 2 — Top 25%
1007,8829b6c915fffff,0.5812,210.3,40.8,unknown,33601,12,33.7687,-111.8599,Tier 2 — Top 25%
1008,8829b6db0dfffff,0.5809,210.8,20.5,unknown,178450,12,33.5257,-111.8727,Tier 2 — Top 25%
1009,8848e96c5dfffff,0.5809,210.7,21.2,unknown,71861,12,33.4035,-112.2961,Tier 2 — Top 25%
1010,8829b6d0a5fffff,0.5807,210.6,13.2,unknown,57583,12,33.5618,-112.1145,Tier 2 — Top 25%
1011,8848eba057fffff,0.5807,211.1,30.0,unknown,187291,12,33.3276,-111.7853,Tier 2 — Top 25%
1012,8848eba327fffff,0.5807,211.2,39.4,unknown,48247,12,33.3021,-111.6878,Tier 2 — Top 25%
1013,8848eb3411fffff,0.5807,210.6,37.2,unknown,33722,12,33.6715,-111.7754,Tier 2 — Top 25%
1014,8848eb328dfffff,0.5807,210.8,41.2,unknown,33587,12,33.5567,-111.6494,Tier 2 — Top 25%
1015,8848e961e5fffff,0.5807,210.9,21.1,unknown,34270,12,33.3050,-112.2221,Tier 2 — Top 25%
1016,8848e96d31fffff,0.5801,210.7,12.0,unknown,72902,12,33.4558,-112.2028,Tier 2 — Top 25%
1017,8848eb35bdfffff,0.5801,210.5,45.9,unknown,33428,12,33.7341,-111.7165,Tier 2 — Top 25%
1018,8829b6c2e7fffff,0.5800,210.4,23.4,unknown,46703,12,33.6512,-112.1430,Tier 2 — Top 25%
1019,8848ebb421fffff,0.5800,211.2,25.4,unknown,99747,12,33.2628,-111.9144,Tier 2 — Top 25%
1020,8848e97983fffff,0.5799,211.1,23.5,unknown,34185,12,33.2374,-112.0945,Tier 2 — Top 25%
1021,8829b6c8a3fffff,0.5799,210.2,41.9,unknown,33564,12,33.8105,-111.9502,Tier 2 — Top 25%
1022,8848eb329dfffff,0.5799,210.8,39.5,unknown,33644,12,33.5689,-111.6736,Tier 2 — Top 25%
1023,8848eb358dfffff,0.5799,210.5,44.1,unknown,33490,12,33.7107,-111.7174,Tier 2 — Top 25%
1024,8848ebaf19fffff,0.5799,211.0,31.2,unknown,41349,12,33.4510,-111.7382,Tier 2 — Top 25%
1025,8848eba139fffff,0.5799,211.1,36.9,unknown,67449,12,33.3560,-111.6927,Tier 2 — Top 25%
1026,8848ebac31fffff,0.5799,210.8,30.4,unknown,33950,12,33.5185,-111.7567,Tier 2 — Top 25%
1027,8829b6cedbfffff,0.5799,210.1,41.5,unknown,33576,12,33.8063,-112.2010,Tier 2 — Top 25%
1028,8829b6c929fffff,0.5799,210.4,41.4,unknown,33578,12,33.7580,-111.8250,Tier 2 — Top 25%
1029,8848ebb43dfffff,0.5799,211.2,24.0,unknown,83333,12,33.2681,-111.9317,Tier 2 — Top 25%
1030,8848e9632dfffff,0.5799,211.1,28.7,unknown,34007,12,33.2140,-112.2042,Tier 2 — Top 25%
1031,8848eb3463fffff,0.5799,210.6,38.9,unknown,33662,12,33.6540,-111.7338,Tier 2 — Top 25%
1032,8848eb3611fffff,0.5799,210.6,31.1,unknown,33926,12,33.6133,-111.8024,Tier 2 — Top 25%
1033,8848ebb72dfffff,0.5799,211.3,33.3,unknown,63285,12,33.2080,-111.8602,Tier 2 — Top 25%
1034,8829b6cec5fffff,0.5799,210.1,39.5,unknown,33643,12,33.7972,-112.1554,Tier 2 — Top 25%
1035,8829b6d1d9fffff,0.5798,210.6,10.6,unknown,96834,12,33.5398,-112.1047,Tier 2 — Top 25%
1036,8848e96ea3fffff,0.5792,210.7,24.2,unknown,149964,12,33.4293,-112.3339,Tier 2 — Top 25%
1037,8848ebbab9fffff,0.5791,211.3,43.4,unknown,33513,12,33.2497,-111.6723,Tier 2 — Top 25%
1038,8848eb35b9fffff,0.5789,210.5,45.1,unknown,33456,12,33.7327,-111.7271,Tier 2 — Top 25%
1039,8848eb266bfffff,0.5789,210.4,44.6,unknown,33470,12,33.7517,-111.7582,Tier 2 — Top 25%
1040,8848eb262dfffff,0.5788,210.4,47.3,unknown,33382,12,33.7698,-111.7398,Tier 2 — Top 25%
1041,8848eb34b3fffff,0.5788,210.4,40.7,unknown,33603,12,33.7375,-111.8046,Tier 2 — Top 25%
1042,8848ebacc7fffff,0.5788,210.8,26.7,unknown,53562,12,33.5278,-111.8022,Tier 2 — Top 25%
1043,8829b6c863fffff,0.5788,210.4,36.0,unknown,33761,12,33.7393,-111.9034,Tier 2 — Top 25%
1044,8848ebb441fffff,0.5788,211.2,27.5,unknown,48462,12,33.2279,-111.9403,Tier 2 — Top 25%
1045,8848e96b6bfffff,0.5788,211.1,19.4,unknown,34326,12,33.2752,-112.0475,Tier 2 — Top 25%
1046,8848ebac13fffff,0.5788,210.8,27.5,unknown,45115,12,33.5141,-111.7886,Tier 2 — Top 25%
1047,8848eb3607fffff,0.5788,210.7,33.1,unknown,33861,12,33.6095,-111.7743,Tier 2 — Top 25%
1048,8829b6d6c3fffff,0.5788,210.4,28.7,unknown,51317,12,33.5588,-112.3541,Tier 2 — Top 25%
1049,8848eba301fffff,0.5788,211.3,38.0,unknown,55246,12,33.2825,-111.7167,Tier 2 — Top 25%
1050,8848eba1abfffff,0.5788,211.1,33.1,unknown,79188,12,33.3986,-111.7227,Tier 2 — Top 25%
1051,8829b6ca27fffff,0.5788,210.4,32.1,unknown,33895,12,33.7060,-111.9188,Tier 2 — Top 25%
1052,8829b6d189fffff,0.5788,210.6,11.4,unknown,81210,12,33.5512,-112.0797,Tier 2 — Top 25%
1053,8829b6da1bfffff,0.5786,210.7,12.3,unknown,141508,12,33.5328,-111.9887,Tier 2 — Top 25%
1054,8829b6d1c3fffff,0.5786,210.6,10.5,unknown,97245,12,33.5428,-112.0835,Tier 2 — Top 25%
1055,8848e968e1fffff,0.5785,210.9,10.0,unknown,107987,12,33.3724,-112.1319,Tier 2 — Top 25%
1056,8848eba4e3fffff,0.5785,210.8,10.3,unknown,209571,12,33.4585,-111.9633,Tier 2 — Top 25%
1057,8829b6d945fffff,0.5780,210.7,25.3,unknown,62276,12,33.5688,-111.8429,Tier 2 — Top 25%
1058,8848e96a0bfffff,0.5777,211.0,20.2,unknown,34299,12,33.2769,-112.1458,Tier 2 — Top 25%
1059,8848e96b51fffff,0.5777,211.1,19.0,unknown,34340,12,33.2776,-112.0861,Tier 2 — Top 25%
1060,8829b6c91dfffff,0.5777,210.3,39.8,unknown,33634,12,33.7604,-111.8638,Tier 2 — Top 25%
1061,8829b6d4b9fffff,0.5777,210.3,32.1,unknown,52169,12,33.6489,-112.3229,Tier 2 — Top 25%
1062,8848eb34e9fffff,0.5777,210.5,38.1,unknown,33690,12,33.6867,-111.7784,Tier 2 — Top 25%
1063,8848ebb683fffff,0.5777,211.2,22.8,unknown,34209,12,33.2479,-112.0204,Tier 2 — Top 25%
1064,8848ebad0dfffff,0.5777,210.9,37.3,unknown,33718,12,33.4984,-111.6764,Tier 2 — Top 25%
1065,8848ebb727fffff,0.5777,211.3,31.8,unknown,82745,12,33.2232,-111.8631,Tier 2 — Top 25%
1066,8829b6c48dfffff,0.5777,210.0,43.8,unknown,33498,12,33.7911,-112.3074,Tier 2 — Top 25%
1067,8848e96b63fffff,0.5777,211.1,18.5,unknown,34356,12,33.2836,-112.0437,Tier 2 — Top 25%
1068,8848e96e01fffff,0.5777,210.8,23.4,unknown,45957,12,33.3634,-112.3045,Tier 2 — Top 25%
1069,8848e96053fffff,0.5777,211.0,31.2,unknown,33922,12,33.2527,-112.3153,Tier 2 — Top 25%
1070,8848ebb6b1fffff,0.5777,211.1,21.2,unknown,34264,12,33.2645,-112.0127,Tier 2 — Top 25%
1071,8829b6db65fffff,0.5776,210.8,22.8,unknown,117563,12,33.5218,-111.8447,Tier 2 — Top 25%
1072,8829b6d969fffff,0.5776,210.7,26.2,unknown,52994,12,33.5703,-111.8323,Tier 2 — Top 25%
1073,8829b6d549fffff,0.5776,210.5,17.6,unknown,147847,12,33.5649,-112.2025,Tier 2 — Top 25%
1074,8848eb264dfffff,0.5775,210.4,42.8,unknown,33533,12,33.7351,-111.7659,Tier 2 — Top 25%
1075,8848ebb5ddfffff,0.5771,211.1,21.9,unknown,97348,12,33.2916,-111.9309,Tier 2 — Top 25%
1076,8848ebaea9fffff,0.5771,210.9,24.8,unknown,70312,12,33.4876,-111.8108,Tier 2 — Top 25%
1077,8829b6c0cbfffff,0.5767,210.3,27.7,unknown,34042,12,33.6882,-112.1558,Tier 2 — Top 25%
1078,8848e979e5fffff,0.5767,211.2,25.5,unknown,34118,12,33.2199,-112.0530,Tier 2 — Top 25%
1079,8829b6c6d5fffff,0.5767,210.1,40.7,unknown,33602,12,33.7298,-112.3554,Tier 2 — Top 25%
1080,8829b6ce21fffff,0.5767,210.2,37.2,unknown,33720,12,33.7828,-112.0924,Tier 2 — Top 25%
1081,8848e9622dfffff,0.5767,211.1,33.2,unknown,33856,12,33.2034,-112.2784,Tier 2 — Top 25%
1082,8848ebaccdfffff,0.5767,210.8,26.5,unknown,55093,12,33.5126,-111.7992,Tier 2 — Top 25%
1083,8848e962b5fffff,0.5767,210.9,32.0,unknown,33896,12,33.2716,-112.3463,Tier 2 — Top 25%
1084,8848eba6e9fffff,0.5763,210.9,10.7,unknown,94066,12,33.3851,-111.9872,Tier 2 — Top 25%
1085,8848eba5d1fffff,0.5763,210.8,13.3,unknown,297591,12,33.4630,-111.9315,Tier 2 — Top 25%
1086,8848eba4e7fffff,0.5762,210.8,11.3,unknown,242369,12,33.4600,-111.9527,Tier 2 — Top 25%
1087,8848e9689dfffff,0.5762,210.8,11.3,unknown,83582,12,33.3899,-112.1735,Tier 2 — Top 25%
1088,8829b6d735fffff,0.5760,210.5,18.2,unknown,163890,12,33.5634,-112.2131,Tier 2 — Top 25%
1089,8848e96cc1fffff,0.5760,210.6,23.4,unknown,130408,12,33.4460,-112.3263,Tier 2 — Top 25%
1090,8848eba729fffff,0.5760,211.0,21.3,unknown,114033,12,33.3711,-111.8645,Tier 2 — Top 25%
1091,8829b6cae1fffff,0.5756,210.4,31.9,unknown,33900,12,33.7221,-111.9711,Tier 2 — Top 25%
1092,8829b6c5a1fffff,0.5756,210.0,43.3,unknown,33515,12,33.8199,-112.2147,Tier 2 — Top 25%
1093,8829b6caa1fffff,0.5756,210.3,34.4,unknown,33815,12,33.7455,-111.9702,Tier 2 — Top 25%
1094,8848ebb705fffff,0.5756,211.3,32.4,unknown,55470,12,33.2050,-111.8814,Tier 2 — Top 25%
1095,8848ebb0adfffff,0.5756,211.3,37.0,unknown,63506,12,33.2183,-111.7860,Tier 2 — Top 25%
1096,8848eba331fffff,0.5756,211.2,36.8,unknown,71985,12,33.3060,-111.7158,Tier 2 — Top 25%
1097,8829b6ca0dfffff,0.5756,210.4,28.5,unknown,34015,12,33.6796,-111.9410,Tier 2 — Top 25%
1098,8848ebb89bfffff,0.5756,211.2,40.2,unknown,42367,12,33.3036,-111.6771,Tier 2 — Top 25%
1099,8829b6cb03fffff,0.5756,210.4,33.6,unknown,33843,12,33.7037,-111.8801,Tier 2 — Top 25%
1100,8829b6d93dfffff,0.5755,210.6,27.6,unknown,34045,12,33.6074,-111.8449,Tier 2 — Top 25%
1101,8829b6d8c5fffff,0.5755,210.6,20.3,unknown,44877,12,33.6062,-111.9649,Tier 2 — Top 25%
1102,8848eba593fffff,0.5754,210.8,13.6,unknown,486364,12,33.4933,-111.9374,Tier 2 — Top 25%
1103,8829b6d0e5fffff,0.5752,210.6,10.7,unknown,93950,12,33.5383,-112.1154,Tier 2 — Top 25%
1104,8848ebae9bfffff,0.5747,210.8,19.9,unknown,199852,12,33.4954,-111.8668,Tier 2 — Top 25%
1105,8829b6d649fffff,0.5747,210.6,21.9,unknown,54166,12,33.4960,-112.3035,Tier 2 — Top 25%
1106,8829b6c193fffff,0.5746,210.2,32.8,unknown,33869,12,33.7427,-112.1009,Tier 2 — Top 25%
1107,8848e96285fffff,0.5746,211.0,33.8,unknown,33837,12,33.2481,-112.3471,Tier 2 — Top 25%
1108,8829b6c1b9fffff,0.5746,210.3,32.3,unknown,33887,12,33.7389,-112.0728,Tier 2 — Top 25%
1109,8848eba1d9fffff,0.5746,211.1,29.9,unknown,187988,12,33.3692,-111.7661,Tier 2 — Top 25%
1110,8848ebb543fffff,0.5741,211.2,29.3,unknown,116724,12,33.2452,-111.8728,Tier 2 — Top 25%
1111,8848e96c29fffff,0.5736,210.7,17.2,unknown,45616,12,33.4248,-112.2567,Tier 2 — Top 25%
1112,8848e96ad9fffff,0.5735,210.9,20.3,unknown,34296,12,33.3065,-112.2115,Tier 2 — Top 25%
1113,8848ebaf65fffff,0.5735,211.0,37.0,unknown,33727,12,33.4363,-111.6754,Tier 2 — Top 25%
1114,8848eba8d7fffff,0.5735,211.0,38.7,unknown,33670,12,33.4544,-111.6571,Tier 2 — Top 25%
1115,8829b6c0b7fffff,0.5735,210.2,33.5,unknown,33845,12,33.7450,-112.1397,Tier 2 — Top 25%
1116,8848ebad3dfffff,0.5735,210.9,37.8,unknown,33699,12,33.5219,-111.6755,Tier 2 — Top 25%
1117,8829b6c62dfffff,0.5735,210.2,32.6,unknown,38556,12,33.6966,-112.2613,Tier 2 — Top 25%
1118,8829b6cee7fffff,0.5735,210.1,41.2,unknown,33585,12,33.8153,-112.1371,Tier 2 — Top 25%
1119,8829b6c93bfffff,0.5735,210.3,41.7,unknown,33568,12,33.7770,-111.8561,Tier 2 — Top 25%
1120,8848e9606bfffff,0.5735,211.0,29.2,unknown,33993,12,33.2436,-112.2699,Tier 2 — Top 25%
1121,8829b6c73dfffff,0.5735,210.2,32.7,unknown,33873,12,33.7193,-112.2111,Tier 2 — Top 25%
1122,8848e960edfffff,0.5735,210.9,27.7,unknown,34043,12,33.2860,-112.3001,Tier 2 — Top 25%
1123,8848eb269dfffff,0.5735,210.3,46.7,unknown,33403,12,33.8185,-111.8368,Tier 2 — Top 25%
1124,8829b6da81fffff,0.5732,210.6,15.1,unknown,67239,12,33.5700,-112.0015,Tier 2 — Top 25%
1125,8848eb35a5fffff,0.5730,210.5,47.5,unknown,33374,12,33.7302,-111.6884,Tier 2 — Top 25%
1126,8848eba5a5fffff,0.5727,210.8,19.3,unknown,212065,12,33.4871,-111.8707,Tier 2 — Top 25%
1127,8848ebb6c1fffff,0.5727,211.2,26.3,unknown,34092,12,33.2175,-112.0144,Tier 2 — Top 25%
1128,8848e96ae5fffff,0.5727,211.0,16.3,unknown,34434,12,33.3156,-112.1480,Tier 2 — Top 25%
1129,8848eba1a9fffff,0.5723,211.1,33.8,unknown,78398,12,33.3917,-111.7159,Tier 2 — Top 25%
1130,8848eba003fffff,0.5723,211.1,30.7,unknown,200860,12,33.3374,-111.7708,Tier 2 — Top 25%
1131,8848e96947fffff,0.5723,211.0,13.5,unknown,53466,12,33.3321,-112.0313,Tier 2 — Top 25%
1132,8848ebb697fffff,0.5723,211.1,21.1,unknown,34268,12,33.2615,-112.0339,Tier 2 — Top 25%
1133,8848eb3735fffff,0.5723,210.7,41.1,unknown,33589,12,33.6364,-111.6921,Tier 2 — Top 25%
1134,8829b6c449fffff,0.5723,210.2,35.2,unknown,33790,12,33.7185,-112.2711,Tier 2 — Top 25%
1135,8829b6cb4dfffff,0.5723,210.5,30.9,unknown,33934,12,33.6666,-111.8674,Tier 2 — Top 25%
1136,8848e978abfffff,0.5723,211.1,25.2,unknown,34127,12,33.2299,-112.1475,Tier 2 — Top 25%
1137,8829b6cac7fffff,0.5723,210.4,31.0,unknown,33930,12,33.7191,-111.9924,Tier 2 — Top 25%
1138,8848e960adfffff,0.5723,210.9,26.0,unknown,34101,12,33.3096,-112.2993,Tier 2 — Top 25%
1139,8848eb3433fffff,0.5723,210.5,39.8,unknown,33634,12,33.6896,-111.7571,Tier 2 — Top 25%
1140,8848eba463fffff,0.5722,210.9,15.3,unknown,224283,12,33.4107,-111.9158,Tier 2 — Top 25%
1141,8829b6d6a5fffff,0.5722,210.4,26.9,unknown,93834,12,33.5883,-112.3109,Tier 2 — Top 25%
1142,8848ebba85fffff,0.5722,211.4,45.2,unknown,33451,12,33.2360,-111.6587,Tier 2 — Top 25%
1143,8848e96b01fffff,0.5717,211.1,17.8,unknown,34383,12,33.2889,-112.0610,Tier 2 — Top 25%
1144,8848eba5d3fffff,0.5715,210.8,12.8,unknown,333577,12,33.4698,-111.9383,Tier 2 — Top 25%
1145,8829b6d291fffff,0.5715,210.6,13.3,unknown,66383,12,33.5028,-112.2011,Tier 2 — Top 25%
1146,8829b6d1adfffff,0.5715,210.6,13.1,unknown,57665,12,33.5640,-112.0440,Tier 2 — Top 25%
1147,8829b6c40bfffff,0.5714,210.1,38.3,unknown,33682,12,33.7488,-112.2771,Tier 2 — Top 25%
1148,8848eb3513fffff,0.5714,210.6,43.2,unknown,33519,12,33.6887,-111.7077,Tier 2 — Top 25%
1149,8848e978d1fffff,0.5714,211.1,28.6,unknown,34011,12,33.2087,-112.1869,Tier 2 — Top 25%
1150,8848ebad0bfffff,0.5714,210.9,35.8,unknown,33768,12,33.5038,-111.6939,Tier 2 — Top 25%
1151,8848eb30d3fffff,0.5714,210.7,42.6,unknown,33538,12,33.6173,-111.6611,Tier 2 — Top 25%
1152,8829b6ce61fffff,0.5714,210.2,34.6,unknown,33808,12,33.7593,-112.0933,Tier 2 — Top 25%
1153,8829b6c843fffff,0.5714,210.4,33.9,unknown,33833,12,33.7280,-111.9285,Tier 2 — Top 25%
1154,8848e961b5fffff,0.5714,210.9,19.9,unknown,34309,12,33.3406,-112.2455,Tier 2 — Top 25%
1155,8829b6d1dbfffff,0.5714,210.6,11.5,unknown,80756,12,33.5466,-112.1115,Tier 2 — Top 25%
1156,8829b6da15fffff,0.5710,210.7,13.9,unknown,180331,12,33.5358,-111.9675,Tier 2 — Top 25%
1157,8829b6cac5fffff,0.5707,210.4,30.5,unknown,33949,12,33.7122,-111.9856,Tier 2 — Top 25%
1158,8848eb3641fffff,0.5707,210.7,30.9,unknown,33934,12,33.5777,-111.7791,Tier 2 — Top 25%
1159,8829b6c637fffff,0.5707,210.2,36.5,unknown,33744,12,33.7238,-112.2886,Tier 2 — Top 25%
1160,8829b6c725fffff,0.5707,210.2,31.4,unknown,33918,12,33.7155,-112.1831,Tier 2 — Top 25%
1161,8848ebac9dfffff,0.5706,210.7,25.8,unknown,62247,12,33.5483,-111.8225,Tier 2 — Top 25%
1162,8829b6c61dfffff,0.5698,210.2,35.3,unknown,33785,12,33.6973,-112.3107,Tier 2 — Top 25%
1163,8829b6d0bbfffff,0.5698,210.5,15.8,unknown,88722,12,33.5709,-112.1600,Tier 2 — Top 25%
1164,8848eb261bfffff,0.5698,210.3,44.1,unknown,33490,12,33.7761,-111.8067,Tier 2 — Top 25%
1165,8829b6c4a9fffff,0.5698,210.0,44.1,unknown,33487,12,33.8009,-112.2930,Tier 2 — Top 25%
1166,8848eba5a7fffff,0.5698,210.8,18.9,unknown,243452,12,33.4939,-111.8775,Tier 2 — Top 25%
1167,8848ebad83fffff,0.5698,210.8,33.6,unknown,33843,12,33.5601,-111.7375,Tier 2 — Top 25%
1168,8848eb265dfffff,0.5698,210.4,42.4,unknown,33546,12,33.7473,-111.7901,Tier 2 — Top 25%
1169,8829b6cc4bfffff,0.5698,210.1,39.7,unknown,33636,12,33.8047,-112.1022,Tier 2 — Top 25%
1170,8848ebacc5fffff,0.5698,210.8,27.1,unknown,49470,12,33.5209,-111.7954,Tier 2 — Top 25%
1171,8848eb36a9fffff,0.5698,210.6,33.7,unknown,33839,12,33.6520,-111.8044,Tier 2 — Top 25%
1172,8829b6d093fffff,0.5693,210.5,16.6,unknown,115732,12,33.5679,-112.1812,Tier 2 — Top 25%
1173,8848e96525fffff,0.5693,210.8,26.6,unknown,59326,12,33.3656,-112.3431,Tier 2 — Top 25%
1174,8829b6d9a1fffff,0.5693,210.5,29.0,unknown,33998,12,33.6499,-111.8750,Tier 2 — Top 25%
1175,8829b6ce81fffff,0.5691,210.1,42.1,unknown,33556,12,33.8191,-112.1653,Tier 2 — Top 25%
1176,8848eb3425fffff,0.5691,210.6,41.5,unknown,33576,12,33.6721,-111.7154,Tier 2 — Top 25%
1177,8848eb3569fffff,0.5691,210.7,44.7,unknown,33469,12,33.6491,-111.6563,Tier 2 — Top 25%
1178,8848eb3455fffff,0.5691,210.6,36.3,unknown,33752,12,33.6496,-111.7657,Tier 2 — Top 25%
1179,8848ebb0e5fffff,0.5691,211.4,38.4,unknown,48371,12,33.2031,-111.7831,Tier 2 — Top 25%
1180,8829b6c919fffff,0.5691,210.3,39.2,unknown,33654,12,33.7589,-111.8744,Tier 2 — Top 25%
1181,8848ebbaa3fffff,0.5688,211.3,44.9,unknown,33461,12,33.2526,-111.6510,Tier 2 — Top 25%
1182,8829b6d8b1fffff,0.5687,210.5,24.4,unknown,34154,12,33.6517,-111.9737,Tier 2 — Top 25%
1183,8848e96f61fffff,0.5687,210.9,15.6,unknown,35414,12,33.3618,-112.2061,Tier 2 — Top 25%
1184,8848e96127fffff,0.5687,211.0,20.4,unknown,34291,12,33.2875,-112.1806,Tier 2 — Top 25%
1185,8848e96895fffff,0.5686,210.8,10.5,unknown,98259,12,33.3982,-112.1696,Tier 2 — Top 25%
1186,8848eb35b7fffff,0.5685,210.4,46.9,unknown,33395,12,33.7493,-111.7194,Tier 2 — Top 25%
1187,8848e96a57fffff,0.5683,211.0,20.7,unknown,34282,12,33.2754,-112.1564,Tier 2 — Top 25%
1188,8848eba517fffff,0.5683,210.9,18.1,unknown,153379,12,33.4469,-111.8793,Tier 2 — Top 25%
1189,8848eba50bfffff,0.5683,210.9,19.2,unknown,92999,12,33.4249,-111.8695,Tier 2 — Top 25%
1190,8848eb3487fffff,0.5681,210.5,39.4,unknown,33647,12,33.7155,-111.7949,Tier 2 — Top 25%
1191,8848eb34a5fffff,0.5681,210.5,41.7,unknown,33568,12,33.7199,-111.7629,Tier 2 — Top 25%
1192,8848ebac63fffff,0.5681,210.9,31.3,unknown,33920,12,33.4896,-111.7402,Tier 2 — Top 25%
1193,8848eb3511fffff,0.5681,210.6,43.2,unknown,33518,12,33.6819,-111.7009,Tier 2 — Top 25%
1194,8848e96addfffff,0.5681,210.9,19.6,unknown,34321,12,33.3080,-112.2010,Tier 2 — Top 25%
1195,8848e9604dfffff,0.5681,211.0,31.1,unknown,33929,12,33.2269,-112.2775,Tier 2 — Top 25%
1196,8848e96115fffff,0.5681,211.0,23.1,unknown,34198,12,33.2815,-112.2230,Tier 2 — Top 25%
1197,8848e9799bfffff,0.5681,211.1,23.5,unknown,34187,12,33.2412,-112.1225,Tier 2 — Top 25%
1198,8829b6c417fffff,0.5681,210.1,40.9,unknown,33596,12,33.7707,-112.2870,Tier 2 — Top 25%
1199,8848ebb719fffff,0.5681,211.3,30.4,unknown,44339,12,33.2074,-111.9200,Tier 2 — Top 25%
1200,8848eb376dfffff,0.5681,210.7,40.5,unknown,33609,12,33.5924,-111.6727,Tier 2 — Top 25%
1201,8829b6c965fffff,0.5681,210.4,40.9,unknown,33595,12,33.7443,-111.8114,Tier 2 — Top 25%
